﻿{
    "@odata.context": "https://graph.microsoft.com/beta/$metadata#deviceManagement/configurationPolicies/$entity",
    "createdDateTime": "2024-07-12T14:40:00.4244059Z",
    "creationSource": null,
    "description": "Device Guard Category",
    "lastModifiedDateTime": "2024-07-12T14:42:56.1245775Z",
    "name": "Device Guard",
    "platforms": "windows10",
    "priorityMetaData": null,
    "roleScopeTagIds": [
        "0"
    ],
    "settingCount": 7,
    "technologies": "mdm",
    "id": "196776a9-2a76-4879-aef1-1f87f489f8f2",
    "templateReference": {
        "templateId": "",
        "templateFamily": "none",
        "templateDisplayName": null,
        "templateDisplayVersion": null
    },
    "settings": [
        {
            "id": "0",
            "settingInstance": {
                "@odata.type": "#microsoft.graph.deviceManagementConfigurationChoiceSettingInstance",
                "settingDefinitionId": "device_vendor_msft_policy_config_deviceguard_configuresystemguardlaunch",
                "settingInstanceTemplateReference": null,
                "choiceSettingValue": {
                    "settingValueTemplateReference": null,
                    "value": "device_vendor_msft_policy_config_deviceguard_configuresystemguardlaunch_1",
                    "children": []
                }
            }
        },
        {
            "id": "1",
            "settingInstance": {
                "@odata.type": "#microsoft.graph.deviceManagementConfigurationChoiceSettingInstance",
                "settingDefinitionId": "device_vendor_msft_policy_config_deviceguard_lsacfgflags",
                "settingInstanceTemplateReference": null,
                "choiceSettingValue": {
                    "settingValueTemplateReference": null,
                    "value": "device_vendor_msft_policy_config_deviceguard_lsacfgflags_1",
                    "children": []
                }
            }
        },
        {
            "id": "2",
            "settingInstance": {
                "@odata.type": "#microsoft.graph.deviceManagementConfigurationChoiceSettingInstance",
                "settingDefinitionId": "device_vendor_msft_policy_config_deviceguard_enablevirtualizationbasedsecurity",
                "settingInstanceTemplateReference": null,
                "choiceSettingValue": {
                    "settingValueTemplateReference": null,
                    "value": "device_vendor_msft_policy_config_deviceguard_enablevirtualizationbasedsecurity_1",
                    "children": []
                }
            }
        },
        {
            "id": "3",
            "settingInstance": {
                "@odata.type": "#microsoft.graph.deviceManagementConfigurationChoiceSettingInstance",
                "settingDefinitionId": "device_vendor_msft_policy_config_deviceguard_requireplatformsecurityfeatures",
                "settingInstanceTemplateReference": null,
                "choiceSettingValue": {
                    "settingValueTemplateReference": null,
                    "value": "device_vendor_msft_policy_config_deviceguard_requireplatformsecurityfeatures_1",
                    "children": []
                }
            }
        },
        {
            "id": "4",
            "settingInstance": {
                "@odata.type": "#microsoft.graph.deviceManagementConfigurationChoiceSettingInstance",
                "settingDefinitionId": "device_vendor_msft_policy_config_localsecurityauthority_configurelsaprotectedprocess",
                "settingInstanceTemplateReference": null,
                "choiceSettingValue": {
                    "settingValueTemplateReference": null,
                    "value": "device_vendor_msft_policy_config_localsecurityauthority_configurelsaprotectedprocess_1",
                    "children": []
                }
            }
        },
        {
            "id": "5",
            "settingInstance": {
                "@odata.type": "#microsoft.graph.deviceManagementConfigurationChoiceSettingInstance",
                "settingDefinitionId": "device_vendor_msft_policy_config_virtualizationbasedtechnology_hypervisorenforcedcodeintegrity",
                "settingInstanceTemplateReference": null,
                "choiceSettingValue": {
                    "settingValueTemplateReference": null,
                    "value": "device_vendor_msft_policy_config_virtualizationbasedtechnology_hypervisorenforcedcodeintegrity_1",
                    "children": []
                }
            }
        },
        {
            "id": "6",
            "settingInstance": {
                "@odata.type": "#microsoft.graph.deviceManagementConfigurationChoiceSettingInstance",
                "settingDefinitionId": "device_vendor_msft_policy_config_virtualizationbasedtechnology_requireuefimemoryattributestable",
                "settingInstanceTemplateReference": null,
                "choiceSettingValue": {
                    "settingValueTemplateReference": null,
                    "value": "device_vendor_msft_policy_config_virtualizationbasedtechnology_requireuefimemoryattributestable_1",
                    "children": []
                }
            }
        }
    ]
}