﻿{
    "@odata.context": "https://graph.microsoft.com/beta/$metadata#deviceManagement/configurationPolicies/$entity",
    "createdDateTime": "2024-07-25T15:40:59.4753796Z",
    "creationSource": null,
    "description": "Lock Screen Category",
    "lastModifiedDateTime": "2024-08-28T21:55:32.6962214Z",
    "name": "Lock Screen",
    "platforms": "windows10",
    "priorityMetaData": null,
    "roleScopeTagIds": [
        "0"
    ],
    "settingCount": 12,
    "technologies": "mdm",
    "id": "acbea7d2-64d0-47db-9b8b-31ec05cc3f51",
    "templateReference": {
        "templateId": "",
        "templateFamily": "none",
        "templateDisplayName": null,
        "templateDisplayVersion": null
    },
    "settings": [
        {
            "id": "0",
            "settingInstance": {
                "@odata.type": "#microsoft.graph.deviceManagementConfigurationChoiceSettingInstance",
                "settingDefinitionId": "device_vendor_msft_policy_config_windowslogon_dontdisplaynetworkselectionui",
                "settingInstanceTemplateReference": null,
                "choiceSettingValue": {
                    "settingValueTemplateReference": null,
                    "value": "device_vendor_msft_policy_config_windowslogon_dontdisplaynetworkselectionui_1",
                    "children": []
                }
            }
        },
        {
            "id": "1",
            "settingInstance": {
                "@odata.type": "#microsoft.graph.deviceManagementConfigurationChoiceSettingInstance",
                "settingDefinitionId": "device_vendor_msft_policy_config_credentialproviders_allowpinlogon",
                "settingInstanceTemplateReference": null,
                "choiceSettingValue": {
                    "settingValueTemplateReference": null,
                    "value": "device_vendor_msft_policy_config_credentialproviders_allowpinlogon_1",
                    "children": []
                }
            }
        },
        {
            "id": "2",
            "settingInstance": {
                "@odata.type": "#microsoft.graph.deviceManagementConfigurationChoiceSettingInstance",
                "settingDefinitionId": "device_vendor_msft_policy_config_admx_tpm_standarduserauthorizationfailureindividualthreshold_name",
                "settingInstanceTemplateReference": null,
                "choiceSettingValue": {
                    "settingValueTemplateReference": null,
                    "value": "device_vendor_msft_policy_config_admx_tpm_standarduserauthorizationfailureindividualthreshold_name_1",
                    "children": [
                        {
                            "@odata.type": "#microsoft.graph.deviceManagementConfigurationSimpleSettingInstance",
                            "settingDefinitionId": "device_vendor_msft_policy_config_admx_tpm_standarduserauthorizationfailureindividualthreshold_name_dxt_standarduserauthorizationfailureindividualthreshold_name",
                            "settingInstanceTemplateReference": null,
                            "simpleSettingValue": {
                                "@odata.type": "#microsoft.graph.deviceManagementConfigurationIntegerSettingValue",
                                "settingValueTemplateReference": null,
                                "value": 5
                            }
                        }
                    ]
                }
            }
        },
        {
            "id": "3",
            "settingInstance": {
                "@odata.type": "#microsoft.graph.deviceManagementConfigurationChoiceSettingInstance",
                "settingDefinitionId": "device_vendor_msft_policy_config_admx_tpm_standarduserauthorizationfailureduration_name",
                "settingInstanceTemplateReference": null,
                "choiceSettingValue": {
                    "settingValueTemplateReference": null,
                    "value": "device_vendor_msft_policy_config_admx_tpm_standarduserauthorizationfailureduration_name_1",
                    "children": [
                        {
                            "@odata.type": "#microsoft.graph.deviceManagementConfigurationSimpleSettingInstance",
                            "settingDefinitionId": "device_vendor_msft_policy_config_admx_tpm_standarduserauthorizationfailureduration_name_dxt_standarduserauthorizationfailureduration_name",
                            "settingInstanceTemplateReference": null,
                            "simpleSettingValue": {
                                "@odata.type": "#microsoft.graph.deviceManagementConfigurationIntegerSettingValue",
                                "settingValueTemplateReference": null,
                                "value": 1440
                            }
                        }
                    ]
                }
            }
        },
        {
            "id": "4",
            "settingInstance": {
                "@odata.type": "#microsoft.graph.deviceManagementConfigurationChoiceSettingInstance",
                "settingDefinitionId": "device_vendor_msft_policy_config_admx_tpm_standarduserauthorizationfailuretotalthreshold_name",
                "settingInstanceTemplateReference": null,
                "choiceSettingValue": {
                    "settingValueTemplateReference": null,
                    "value": "device_vendor_msft_policy_config_admx_tpm_standarduserauthorizationfailuretotalthreshold_name_1",
                    "children": [
                        {
                            "@odata.type": "#microsoft.graph.deviceManagementConfigurationSimpleSettingInstance",
                            "settingDefinitionId": "device_vendor_msft_policy_config_admx_tpm_standarduserauthorizationfailuretotalthreshold_name_dxt_standarduserauthorizationfailuretotalthreshold_name",
                            "settingInstanceTemplateReference": null,
                            "simpleSettingValue": {
                                "@odata.type": "#microsoft.graph.deviceManagementConfigurationIntegerSettingValue",
                                "settingValueTemplateReference": null,
                                "value": 5
                            }
                        }
                    ]
                }
            }
        },
        {
            "id": "5",
            "settingInstance": {
                "@odata.type": "#microsoft.graph.deviceManagementConfigurationChoiceSettingInstance",
                "settingDefinitionId": "device_vendor_msft_policy_config_localpoliciessecurityoptions_interactivelogon_donotdisplayusernameatsignin",
                "settingInstanceTemplateReference": null,
                "choiceSettingValue": {
                    "settingValueTemplateReference": null,
                    "value": "device_vendor_msft_policy_config_localpoliciessecurityoptions_interactivelogon_donotdisplayusernameatsignin_1",
                    "children": []
                }
            }
        },
        {
            "id": "6",
            "settingInstance": {
                "@odata.type": "#microsoft.graph.deviceManagementConfigurationChoiceSettingInstance",
                "settingDefinitionId": "device_vendor_msft_policy_config_localpoliciessecurityoptions_interactivelogon_donotrequirectrlaltdel",
                "settingInstanceTemplateReference": null,
                "choiceSettingValue": {
                    "settingValueTemplateReference": null,
                    "value": "device_vendor_msft_policy_config_localpoliciessecurityoptions_interactivelogon_donotrequirectrlaltdel_0",
                    "children": []
                }
            }
        },
        {
            "id": "7",
            "settingInstance": {
                "@odata.type": "#microsoft.graph.deviceManagementConfigurationSimpleSettingInstance",
                "settingDefinitionId": "device_vendor_msft_policy_config_localpoliciessecurityoptions_interactivelogon_machineinactivitylimit_v2",
                "settingInstanceTemplateReference": null,
                "simpleSettingValue": {
                    "@odata.type": "#microsoft.graph.deviceManagementConfigurationIntegerSettingValue",
                    "settingValueTemplateReference": null,
                    "value": 120
                }
            }
        },
        {
            "id": "8",
            "settingInstance": {
                "@odata.type": "#microsoft.graph.deviceManagementConfigurationChoiceSettingInstance",
                "settingDefinitionId": "device_vendor_msft_passportforwork_biometrics_usebiometrics",
                "settingInstanceTemplateReference": null,
                "choiceSettingValue": {
                    "settingValueTemplateReference": null,
                    "value": "device_vendor_msft_passportforwork_biometrics_usebiometrics_true",
                    "children": []
                }
            }
        },
        {
            "id": "9",
            "settingInstance": {
                "@odata.type": "#microsoft.graph.deviceManagementConfigurationGroupSettingCollectionInstance",
                "settingDefinitionId": "device_vendor_msft_passportforwork_{tenantid}",
                "settingInstanceTemplateReference": null,
                "groupSettingCollectionValue": [
                    {
                        "settingValueTemplateReference": null,
                        "children": [
                            {
                                "@odata.type": "#microsoft.graph.deviceManagementConfigurationChoiceSettingInstance",
                                "settingDefinitionId": "device_vendor_msft_passportforwork_{tenantid}_policies_pincomplexity_digits",
                                "settingInstanceTemplateReference": null,
                                "choiceSettingValue": {
                                    "settingValueTemplateReference": null,
                                    "value": "device_vendor_msft_passportforwork_{tenantid}_policies_pincomplexity_digits_1",
                                    "children": []
                                }
                            },
                            {
                                "@odata.type": "#microsoft.graph.deviceManagementConfigurationChoiceSettingInstance",
                                "settingDefinitionId": "device_vendor_msft_passportforwork_{tenantid}_policies_enablepinrecovery",
                                "settingInstanceTemplateReference": null,
                                "choiceSettingValue": {
                                    "settingValueTemplateReference": null,
                                    "value": "device_vendor_msft_passportforwork_{tenantid}_policies_enablepinrecovery_true",
                                    "children": []
                                }
                            },
                            {
                                "@odata.type": "#microsoft.graph.deviceManagementConfigurationSimpleSettingInstance",
                                "settingDefinitionId": "device_vendor_msft_passportforwork_{tenantid}_policies_pincomplexity_expiration",
                                "settingInstanceTemplateReference": null,
                                "simpleSettingValue": {
                                    "@odata.type": "#microsoft.graph.deviceManagementConfigurationIntegerSettingValue",
                                    "settingValueTemplateReference": null,
                                    "value": 180
                                }
                            },
                            {
                                "@odata.type": "#microsoft.graph.deviceManagementConfigurationChoiceSettingInstance",
                                "settingDefinitionId": "device_vendor_msft_passportforwork_{tenantid}_policies_pincomplexity_lowercaseletters",
                                "settingInstanceTemplateReference": null,
                                "choiceSettingValue": {
                                    "settingValueTemplateReference": null,
                                    "value": "device_vendor_msft_passportforwork_{tenantid}_policies_pincomplexity_lowercaseletters_1",
                                    "children": []
                                }
                            },
                            {
                                "@odata.type": "#microsoft.graph.deviceManagementConfigurationSimpleSettingInstance",
                                "settingDefinitionId": "device_vendor_msft_passportforwork_{tenantid}_policies_pincomplexity_history",
                                "settingInstanceTemplateReference": null,
                                "simpleSettingValue": {
                                    "@odata.type": "#microsoft.graph.deviceManagementConfigurationIntegerSettingValue",
                                    "settingValueTemplateReference": null,
                                    "value": 1
                                }
                            },
                            {
                                "@odata.type": "#microsoft.graph.deviceManagementConfigurationChoiceSettingInstance",
                                "settingDefinitionId": "device_vendor_msft_passportforwork_{tenantid}_policies_pincomplexity_specialcharacters",
                                "settingInstanceTemplateReference": null,
                                "choiceSettingValue": {
                                    "settingValueTemplateReference": null,
                                    "value": "device_vendor_msft_passportforwork_{tenantid}_policies_pincomplexity_specialcharacters_0",
                                    "children": []
                                }
                            },
                            {
                                "@odata.type": "#microsoft.graph.deviceManagementConfigurationChoiceSettingInstance",
                                "settingDefinitionId": "device_vendor_msft_passportforwork_{tenantid}_policies_pincomplexity_uppercaseletters",
                                "settingInstanceTemplateReference": null,
                                "choiceSettingValue": {
                                    "settingValueTemplateReference": null,
                                    "value": "device_vendor_msft_passportforwork_{tenantid}_policies_pincomplexity_uppercaseletters_0",
                                    "children": []
                                }
                            },
                            {
                                "@odata.type": "#microsoft.graph.deviceManagementConfigurationChoiceSettingInstance",
                                "settingDefinitionId": "device_vendor_msft_passportforwork_{tenantid}_policies_usepassportforwork",
                                "settingInstanceTemplateReference": null,
                                "choiceSettingValue": {
                                    "settingValueTemplateReference": null,
                                    "value": "device_vendor_msft_passportforwork_{tenantid}_policies_usepassportforwork_true",
                                    "children": []
                                }
                            }
                        ]
                    }
                ]
            }
        },
        {
            "id": "10",
            "settingInstance": {
                "@odata.type": "#microsoft.graph.deviceManagementConfigurationChoiceSettingInstance",
                "settingDefinitionId": "device_vendor_msft_passportforwork_biometrics_facialfeaturesuseenhancedantispoofing",
                "settingInstanceTemplateReference": null,
                "choiceSettingValue": {
                    "settingValueTemplateReference": null,
                    "value": "device_vendor_msft_passportforwork_biometrics_facialfeaturesuseenhancedantispoofing_true",
                    "children": []
                }
            }
        },
        {
            "id": "11",
            "settingInstance": {
                "@odata.type": "#microsoft.graph.deviceManagementConfigurationGroupSettingCollectionInstance",
                "settingDefinitionId": "user_vendor_msft_passportforwork_{tenantid}",
                "settingInstanceTemplateReference": null,
                "groupSettingCollectionValue": [
                    {
                        "settingValueTemplateReference": null,
                        "children": [
                            {
                                "@odata.type": "#microsoft.graph.deviceManagementConfigurationChoiceSettingInstance",
                                "settingDefinitionId": "user_vendor_msft_passportforwork_{tenantid}_policies_pincomplexity_digits",
                                "settingInstanceTemplateReference": null,
                                "choiceSettingValue": {
                                    "settingValueTemplateReference": null,
                                    "value": "user_vendor_msft_passportforwork_{tenantid}_policies_pincomplexity_digits_1",
                                    "children": []
                                }
                            },
                            {
                                "@odata.type": "#microsoft.graph.deviceManagementConfigurationChoiceSettingInstance",
                                "settingDefinitionId": "user_vendor_msft_passportforwork_{tenantid}_policies_pincomplexity_lowercaseletters",
                                "settingInstanceTemplateReference": null,
                                "choiceSettingValue": {
                                    "settingValueTemplateReference": null,
                                    "value": "user_vendor_msft_passportforwork_{tenantid}_policies_pincomplexity_lowercaseletters_1",
                                    "children": []
                                }
                            },
                            {
                                "@odata.type": "#microsoft.graph.deviceManagementConfigurationSimpleSettingInstance",
                                "settingDefinitionId": "user_vendor_msft_passportforwork_{tenantid}_policies_pincomplexity_history",
                                "settingInstanceTemplateReference": null,
                                "simpleSettingValue": {
                                    "@odata.type": "#microsoft.graph.deviceManagementConfigurationIntegerSettingValue",
                                    "settingValueTemplateReference": null,
                                    "value": 1
                                }
                            },
                            {
                                "@odata.type": "#microsoft.graph.deviceManagementConfigurationChoiceSettingInstance",
                                "settingDefinitionId": "user_vendor_msft_passportforwork_{tenantid}_policies_pincomplexity_specialcharacters",
                                "settingInstanceTemplateReference": null,
                                "choiceSettingValue": {
                                    "settingValueTemplateReference": null,
                                    "value": "user_vendor_msft_passportforwork_{tenantid}_policies_pincomplexity_specialcharacters_0",
                                    "children": []
                                }
                            },
                            {
                                "@odata.type": "#microsoft.graph.deviceManagementConfigurationChoiceSettingInstance",
                                "settingDefinitionId": "user_vendor_msft_passportforwork_{tenantid}_policies_pincomplexity_uppercaseletters",
                                "settingInstanceTemplateReference": null,
                                "choiceSettingValue": {
                                    "settingValueTemplateReference": null,
                                    "value": "user_vendor_msft_passportforwork_{tenantid}_policies_pincomplexity_uppercaseletters_0",
                                    "children": []
                                }
                            },
                            {
                                "@odata.type": "#microsoft.graph.deviceManagementConfigurationChoiceSettingInstance",
                                "settingDefinitionId": "user_vendor_msft_passportforwork_{tenantid}_policies_usepassportforwork",
                                "settingInstanceTemplateReference": null,
                                "choiceSettingValue": {
                                    "settingValueTemplateReference": null,
                                    "value": "user_vendor_msft_passportforwork_{tenantid}_policies_usepassportforwork_true",
                                    "children": []
                                }
                            }
                        ]
                    }
                ]
            }
        }
    ]
}