﻿{
    "@odata.context": "https://graph.microsoft.com/beta/$metadata#deviceManagement/configurationPolicies/$entity",
    "createdDateTime": "2024-12-13T09:50:21.3160332Z",
    "creationSource": null,
    "description": "Miscellaneous Configurations Category",
    "lastModifiedDateTime": "2024-12-13T09:55:33.2010251Z",
    "name": "Miscellaneous Configurations",
    "platforms": "windows10",
    "priorityMetaData": null,
    "roleScopeTagIds": [
        "0"
    ],
    "settingCount": 16,
    "technologies": "mdm",
    "id": "e685a3fc-6823-4409-9d71-8406e4e1905d",
    "templateReference": {
        "templateId": "",
        "templateFamily": "none",
        "templateDisplayName": null,
        "templateDisplayVersion": null
    },
    "settings": [
        {
            "id": "0",
            "settingInstance": {
                "@odata.type": "#microsoft.graph.deviceManagementConfigurationChoiceSettingInstance",
                "settingDefinitionId": "device_vendor_msft_policy_config_printers_restrictdriverinstallationtoadministrators",
                "settingInstanceTemplateReference": null,
                "choiceSettingValue": {
                    "settingValueTemplateReference": null,
                    "value": "device_vendor_msft_policy_config_printers_restrictdriverinstallationtoadministrators_1",
                    "children": []
                }
            }
        },
        {
            "id": "1",
            "settingInstance": {
                "@odata.type": "#microsoft.graph.deviceManagementConfigurationChoiceSettingInstance",
                "settingDefinitionId": "device_vendor_msft_policy_config_admx_auditsettings_includecmdline",
                "settingInstanceTemplateReference": null,
                "choiceSettingValue": {
                    "settingValueTemplateReference": null,
                    "value": "device_vendor_msft_policy_config_admx_auditsettings_includecmdline_1",
                    "children": []
                }
            }
        },
        {
            "id": "2",
            "settingInstance": {
                "@odata.type": "#microsoft.graph.deviceManagementConfigurationChoiceSettingInstance",
                "settingDefinitionId": "device_vendor_msft_policy_config_system_bootstartdriverinitialization",
                "settingInstanceTemplateReference": null,
                "choiceSettingValue": {
                    "settingValueTemplateReference": null,
                    "value": "device_vendor_msft_policy_config_system_bootstartdriverinitialization_1",
                    "children": [
                        {
                            "@odata.type": "#microsoft.graph.deviceManagementConfigurationChoiceSettingInstance",
                            "settingDefinitionId": "device_vendor_msft_policy_config_system_bootstartdriverinitialization_selectdriverloadpolicy",
                            "settingInstanceTemplateReference": null,
                            "choiceSettingValue": {
                                "settingValueTemplateReference": null,
                                "value": "device_vendor_msft_policy_config_system_bootstartdriverinitialization_selectdriverloadpolicy_8",
                                "children": []
                            }
                        }
                    ]
                }
            }
        },
        {
            "id": "3",
            "settingInstance": {
                "@odata.type": "#microsoft.graph.deviceManagementConfigurationChoiceSettingInstance",
                "settingDefinitionId": "device_vendor_msft_policy_config_admx_filesys_longpathsenabled",
                "settingInstanceTemplateReference": null,
                "choiceSettingValue": {
                    "settingValueTemplateReference": null,
                    "value": "device_vendor_msft_policy_config_admx_filesys_longpathsenabled_1",
                    "children": []
                }
            }
        },
        {
            "id": "4",
            "settingInstance": {
                "@odata.type": "#microsoft.graph.deviceManagementConfigurationChoiceSettingInstance",
                "settingDefinitionId": "device_vendor_msft_policy_config_kerberos_kerberosclientsupportsclaimscompoundarmor",
                "settingInstanceTemplateReference": null,
                "choiceSettingValue": {
                    "settingValueTemplateReference": null,
                    "value": "device_vendor_msft_policy_config_kerberos_kerberosclientsupportsclaimscompoundarmor_1",
                    "children": []
                }
            }
        },
        {
            "id": "5",
            "settingInstance": {
                "@odata.type": "#microsoft.graph.deviceManagementConfigurationChoiceSettingInstance",
                "settingDefinitionId": "device_vendor_msft_policy_config_remoteprocedurecall_rpcendpointmapperclientauthentication",
                "settingInstanceTemplateReference": null,
                "choiceSettingValue": {
                    "settingValueTemplateReference": null,
                    "value": "device_vendor_msft_policy_config_remoteprocedurecall_rpcendpointmapperclientauthentication_1",
                    "children": []
                }
            }
        },
        {
            "id": "6",
            "settingInstance": {
                "@odata.type": "#microsoft.graph.deviceManagementConfigurationChoiceSettingInstance",
                "settingDefinitionId": "device_vendor_msft_policy_config_servicecontrolmanager_svchostprocessmitigation",
                "settingInstanceTemplateReference": null,
                "choiceSettingValue": {
                    "settingValueTemplateReference": null,
                    "value": "device_vendor_msft_policy_config_servicecontrolmanager_svchostprocessmitigation_1",
                    "children": []
                }
            }
        },
        {
            "id": "7",
            "settingInstance": {
                "@odata.type": "#microsoft.graph.deviceManagementConfigurationChoiceSettingInstance",
                "settingDefinitionId": "user_vendor_msft_policy_config_admx_sensors_disablelocation_1",
                "settingInstanceTemplateReference": null,
                "choiceSettingValue": {
                    "settingValueTemplateReference": null,
                    "value": "user_vendor_msft_policy_config_admx_sensors_disablelocation_1_1",
                    "children": []
                }
            }
        },
        {
            "id": "8",
            "settingInstance": {
                "@odata.type": "#microsoft.graph.deviceManagementConfigurationChoiceSettingInstance",
                "settingDefinitionId": "device_vendor_msft_policy_config_admx_sensors_disablelocationscripting_2",
                "settingInstanceTemplateReference": null,
                "choiceSettingValue": {
                    "settingValueTemplateReference": null,
                    "value": "device_vendor_msft_policy_config_admx_sensors_disablelocationscripting_2_1",
                    "children": []
                }
            }
        },
        {
            "id": "9",
            "settingInstance": {
                "@odata.type": "#microsoft.graph.deviceManagementConfigurationChoiceSettingInstance",
                "settingDefinitionId": "user_vendor_msft_policy_config_admx_sensors_disablelocationscripting_1",
                "settingInstanceTemplateReference": null,
                "choiceSettingValue": {
                    "settingValueTemplateReference": null,
                    "value": "user_vendor_msft_policy_config_admx_sensors_disablelocationscripting_1_1",
                    "children": []
                }
            }
        },
        {
            "id": "10",
            "settingInstance": {
                "@odata.type": "#microsoft.graph.deviceManagementConfigurationChoiceSettingInstance",
                "settingDefinitionId": "device_vendor_msft_policy_config_admx_locationprovideradm_disablewindowslocationprovider_1",
                "settingInstanceTemplateReference": null,
                "choiceSettingValue": {
                    "settingValueTemplateReference": null,
                    "value": "device_vendor_msft_policy_config_admx_locationprovideradm_disablewindowslocationprovider_1_1",
                    "children": []
                }
            }
        },
        {
            "id": "11",
            "settingInstance": {
                "@odata.type": "#microsoft.graph.deviceManagementConfigurationChoiceSettingInstance",
                "settingDefinitionId": "device_vendor_msft_policy_config_audit_accountlogonlogoff_auditaccountlockout",
                "settingInstanceTemplateReference": null,
                "choiceSettingValue": {
                    "settingValueTemplateReference": null,
                    "value": "device_vendor_msft_policy_config_audit_accountlogonlogoff_auditaccountlockout_3",
                    "children": []
                }
            }
        },
        {
            "id": "12",
            "settingInstance": {
                "@odata.type": "#microsoft.graph.deviceManagementConfigurationChoiceSettingInstance",
                "settingDefinitionId": "device_vendor_msft_policy_config_localpoliciessecurityoptions_microsoftnetworkclient_digitallysigncommunicationsalways",
                "settingInstanceTemplateReference": null,
                "choiceSettingValue": {
                    "settingValueTemplateReference": null,
                    "value": "device_vendor_msft_policy_config_localpoliciessecurityoptions_microsoftnetworkclient_digitallysigncommunicationsalways_1",
                    "children": []
                }
            }
        },
        {
            "id": "13",
            "settingInstance": {
                "@odata.type": "#microsoft.graph.deviceManagementConfigurationChoiceSettingInstance",
                "settingDefinitionId": "device_vendor_msft_policy_config_localpoliciessecurityoptions_microsoftnetworkserver_digitallysigncommunicationsalways",
                "settingInstanceTemplateReference": null,
                "choiceSettingValue": {
                    "settingValueTemplateReference": null,
                    "value": "device_vendor_msft_policy_config_localpoliciessecurityoptions_microsoftnetworkserver_digitallysigncommunicationsalways_1",
                    "children": []
                }
            }
        },
        {
            "id": "14",
            "settingInstance": {
                "@odata.type": "#microsoft.graph.deviceManagementConfigurationChoiceSettingInstance",
                "settingDefinitionId": "device_vendor_msft_policy_config_privacy_letappsaccesslocation",
                "settingInstanceTemplateReference": null,
                "choiceSettingValue": {
                    "settingValueTemplateReference": null,
                    "value": "device_vendor_msft_policy_config_privacy_letappsaccesslocation_2",
                    "children": []
                }
            }
        },
        {
            "id": "15",
            "settingInstance": {
                "@odata.type": "#microsoft.graph.deviceManagementConfigurationChoiceSettingInstance",
                "settingDefinitionId": "device_vendor_msft_policy_config_system_allowlocation",
                "settingInstanceTemplateReference": null,
                "choiceSettingValue": {
                    "settingValueTemplateReference": null,
                    "value": "device_vendor_msft_policy_config_system_allowlocation_0",
                    "children": []
                }
            }
        }
    ]
}