﻿{
    "@odata.context": "https://graph.microsoft.com/beta/$metadata#deviceManagement/configurationPolicies/$entity",
    "createdDateTime": "2025-01-02T07:52:18.9754212Z",
    "creationSource": null,
    "description": "TLS Settings Category",
    "lastModifiedDateTime": "2025-01-02T08:03:48.2719491Z",
    "name": "TLS Settings",
    "platforms": "windows10",
    "priorityMetaData": null,
    "roleScopeTagIds": [
        "0"
    ],
    "settingCount": 2,
    "technologies": "mdm",
    "id": "f0131daa-abf4-41dd-b706-28c36c045a29",
    "templateReference": {
        "templateId": "",
        "templateFamily": "none",
        "templateDisplayName": null,
        "templateDisplayVersion": null
    },
    "settings": [
        {
            "id": "0",
            "settingInstance": {
                "@odata.type": "#microsoft.graph.deviceManagementConfigurationChoiceSettingInstance",
                "settingDefinitionId": "device_vendor_msft_policy_config_admx_ciphersuiteorder_sslcurveorder",
                "settingInstanceTemplateReference": null,
                "choiceSettingValue": {
                    "settingValueTemplateReference": null,
                    "value": "device_vendor_msft_policy_config_admx_ciphersuiteorder_sslcurveorder_1",
                    "children": [
                        {
                            "@odata.type": "#microsoft.graph.deviceManagementConfigurationSimpleSettingCollectionInstance",
                            "settingDefinitionId": "device_vendor_msft_policy_config_admx_ciphersuiteorder_sslcurveorder_sslcurveorderlist",
                            "settingInstanceTemplateReference": null,
                            "simpleSettingCollectionValue": [
                                {
                                    "@odata.type": "#microsoft.graph.deviceManagementConfigurationStringSettingValue",
                                    "settingValueTemplateReference": null,
                                    "value": "nistP521"
                                },
                                {
                                    "@odata.type": "#microsoft.graph.deviceManagementConfigurationStringSettingValue",
                                    "settingValueTemplateReference": null,
                                    "value": "curve25519"
                                },
                                {
                                    "@odata.type": "#microsoft.graph.deviceManagementConfigurationStringSettingValue",
                                    "settingValueTemplateReference": null,
                                    "value": "NistP384"
                                },
                                {
                                    "@odata.type": "#microsoft.graph.deviceManagementConfigurationStringSettingValue",
                                    "settingValueTemplateReference": null,
                                    "value": "NistP256"
                                }
                            ]
                        }
                    ]
                }
            }
        },
        {
            "id": "1",
            "settingInstance": {
                "@odata.type": "#microsoft.graph.deviceManagementConfigurationSimpleSettingCollectionInstance",
                "settingDefinitionId": "device_vendor_msft_policy_config_cryptography_tlsciphersuites",
                "settingInstanceTemplateReference": null,
                "simpleSettingCollectionValue": [
                    {
                        "@odata.type": "#microsoft.graph.deviceManagementConfigurationStringSettingValue",
                        "settingValueTemplateReference": null,
                        "value": "TLS_CHACHA20_POLY1305_SHA256,TLS_AES_256_GCM_SHA384,TLS_AES_128_GCM_SHA256,TLS_ECDHE_ECDSA_WITH_AES_256_GCM_SHA384,TLS_ECDHE_ECDSA_WITH_AES_128_GCM_SHA256,TLS_ECDHE_RSA_WITH_AES_256_GCM_SHA384,TLS_ECDHE_RSA_WITH_AES_128_GCM_SHA256,TLS_DHE_RSA_WITH_AES_256_GCM_SHA384,TLS_DHE_RSA_WITH_AES_128_GCM_SHA256"
                    }
                ]
            }
        }
    ]
}