﻿{
    "@odata.context": "https://graph.microsoft.com/beta/$metadata#deviceManagement/configurationPolicies/$entity",
    "createdDateTime": "2024-07-25T15:40:13.136302Z",
    "creationSource": null,
    "description": "Windows Firewall Category",
    "lastModifiedDateTime": "2024-07-26T15:54:24.0087482Z",
    "name": "Windows Firewall",
    "platforms": "windows10",
    "priorityMetaData": null,
    "roleScopeTagIds": [
        "0"
    ],
    "settingCount": 3,
    "technologies": "mdm",
    "id": "12742b66-ee62-4dd2-8531-2e12634cc600",
    "templateReference": {
        "templateId": "",
        "templateFamily": "none",
        "templateDisplayName": null,
        "templateDisplayVersion": null
    },
    "settings": [
        {
            "id": "0",
            "settingInstance": {
                "@odata.type": "#microsoft.graph.deviceManagementConfigurationChoiceSettingInstance",
                "settingDefinitionId": "vendor_msft_firewall_mdmstore_domainprofile_enablefirewall",
                "settingInstanceTemplateReference": null,
                "choiceSettingValue": {
                    "settingValueTemplateReference": null,
                    "value": "vendor_msft_firewall_mdmstore_domainprofile_enablefirewall_true",
                    "children": [
                        {
                            "@odata.type": "#microsoft.graph.deviceManagementConfigurationChoiceSettingInstance",
                            "settingDefinitionId": "vendor_msft_firewall_mdmstore_domainprofile_allowlocalipsecpolicymerge",
                            "settingInstanceTemplateReference": null,
                            "choiceSettingValue": {
                                "settingValueTemplateReference": null,
                                "value": "vendor_msft_firewall_mdmstore_domainprofile_allowlocalipsecpolicymerge_true",
                                "children": []
                            }
                        },
                        {
                            "@odata.type": "#microsoft.graph.deviceManagementConfigurationChoiceSettingInstance",
                            "settingDefinitionId": "vendor_msft_firewall_mdmstore_domainprofile_allowlocalpolicymerge",
                            "settingInstanceTemplateReference": null,
                            "choiceSettingValue": {
                                "settingValueTemplateReference": null,
                                "value": "vendor_msft_firewall_mdmstore_domainprofile_allowlocalpolicymerge_true",
                                "children": []
                            }
                        },
                        {
                            "@odata.type": "#microsoft.graph.deviceManagementConfigurationChoiceSettingInstance",
                            "settingDefinitionId": "vendor_msft_firewall_mdmstore_domainprofile_authappsallowuserprefmerge",
                            "settingInstanceTemplateReference": null,
                            "choiceSettingValue": {
                                "settingValueTemplateReference": null,
                                "value": "vendor_msft_firewall_mdmstore_domainprofile_authappsallowuserprefmerge_true",
                                "children": []
                            }
                        },
                        {
                            "@odata.type": "#microsoft.graph.deviceManagementConfigurationChoiceSettingInstance",
                            "settingDefinitionId": "vendor_msft_firewall_mdmstore_domainprofile_defaultinboundaction",
                            "settingInstanceTemplateReference": null,
                            "choiceSettingValue": {
                                "settingValueTemplateReference": null,
                                "value": "vendor_msft_firewall_mdmstore_domainprofile_defaultinboundaction_1",
                                "children": []
                            }
                        },
                        {
                            "@odata.type": "#microsoft.graph.deviceManagementConfigurationChoiceSettingInstance",
                            "settingDefinitionId": "vendor_msft_firewall_mdmstore_domainprofile_defaultoutboundaction",
                            "settingInstanceTemplateReference": null,
                            "choiceSettingValue": {
                                "settingValueTemplateReference": null,
                                "value": "vendor_msft_firewall_mdmstore_domainprofile_defaultoutboundaction_1",
                                "children": []
                            }
                        },
                        {
                            "@odata.type": "#microsoft.graph.deviceManagementConfigurationChoiceSettingInstance",
                            "settingDefinitionId": "vendor_msft_firewall_mdmstore_domainprofile_disableinboundnotifications",
                            "settingInstanceTemplateReference": null,
                            "choiceSettingValue": {
                                "settingValueTemplateReference": null,
                                "value": "vendor_msft_firewall_mdmstore_domainprofile_disableinboundnotifications_true",
                                "children": []
                            }
                        },
                        {
                            "@odata.type": "#microsoft.graph.deviceManagementConfigurationChoiceSettingInstance",
                            "settingDefinitionId": "vendor_msft_firewall_mdmstore_domainprofile_disablestealthmode",
                            "settingInstanceTemplateReference": null,
                            "choiceSettingValue": {
                                "settingValueTemplateReference": null,
                                "value": "vendor_msft_firewall_mdmstore_domainprofile_disablestealthmode_false",
                                "children": []
                            }
                        },
                        {
                            "@odata.type": "#microsoft.graph.deviceManagementConfigurationChoiceSettingInstance",
                            "settingDefinitionId": "vendor_msft_firewall_mdmstore_domainprofile_disablestealthmodeipsecsecuredpacketexemption",
                            "settingInstanceTemplateReference": null,
                            "choiceSettingValue": {
                                "settingValueTemplateReference": null,
                                "value": "vendor_msft_firewall_mdmstore_domainprofile_disablestealthmodeipsecsecuredpacketexemption_true",
                                "children": []
                            }
                        },
                        {
                            "@odata.type": "#microsoft.graph.deviceManagementConfigurationChoiceSettingInstance",
                            "settingDefinitionId": "vendor_msft_firewall_mdmstore_domainprofile_disableunicastresponsestomulticastbroadcast",
                            "settingInstanceTemplateReference": null,
                            "choiceSettingValue": {
                                "settingValueTemplateReference": null,
                                "value": "vendor_msft_firewall_mdmstore_domainprofile_disableunicastresponsestomulticastbroadcast_false",
                                "children": []
                            }
                        },
                        {
                            "@odata.type": "#microsoft.graph.deviceManagementConfigurationChoiceSettingInstance",
                            "settingDefinitionId": "vendor_msft_firewall_mdmstore_domainprofile_enablelogdroppedpackets",
                            "settingInstanceTemplateReference": null,
                            "choiceSettingValue": {
                                "settingValueTemplateReference": null,
                                "value": "vendor_msft_firewall_mdmstore_domainprofile_enablelogdroppedpackets_true",
                                "children": []
                            }
                        },
                        {
                            "@odata.type": "#microsoft.graph.deviceManagementConfigurationChoiceSettingInstance",
                            "settingDefinitionId": "vendor_msft_firewall_mdmstore_domainprofile_enablelogignoredrules",
                            "settingInstanceTemplateReference": null,
                            "choiceSettingValue": {
                                "settingValueTemplateReference": null,
                                "value": "vendor_msft_firewall_mdmstore_domainprofile_enablelogignoredrules_true",
                                "children": []
                            }
                        },
                        {
                            "@odata.type": "#microsoft.graph.deviceManagementConfigurationChoiceSettingInstance",
                            "settingDefinitionId": "vendor_msft_firewall_mdmstore_domainprofile_enablelogsuccessconnections",
                            "settingInstanceTemplateReference": null,
                            "choiceSettingValue": {
                                "settingValueTemplateReference": null,
                                "value": "vendor_msft_firewall_mdmstore_domainprofile_enablelogsuccessconnections_true",
                                "children": []
                            }
                        },
                        {
                            "@odata.type": "#microsoft.graph.deviceManagementConfigurationChoiceSettingInstance",
                            "settingDefinitionId": "vendor_msft_firewall_mdmstore_domainprofile_globalportsallowuserprefmerge",
                            "settingInstanceTemplateReference": null,
                            "choiceSettingValue": {
                                "settingValueTemplateReference": null,
                                "value": "vendor_msft_firewall_mdmstore_domainprofile_globalportsallowuserprefmerge_true",
                                "children": []
                            }
                        },
                        {
                            "@odata.type": "#microsoft.graph.deviceManagementConfigurationSimpleSettingInstance",
                            "settingDefinitionId": "vendor_msft_firewall_mdmstore_domainprofile_logfilepath",
                            "settingInstanceTemplateReference": null,
                            "simpleSettingValue": {
                                "@odata.type": "#microsoft.graph.deviceManagementConfigurationStringSettingValue",
                                "settingValueTemplateReference": null,
                                "value": "%systemroot%\\system32\\LogFiles\\Firewall\\Domainfirewall.log"
                            }
                        },
                        {
                            "@odata.type": "#microsoft.graph.deviceManagementConfigurationSimpleSettingInstance",
                            "settingDefinitionId": "vendor_msft_firewall_mdmstore_domainprofile_logmaxfilesize",
                            "settingInstanceTemplateReference": null,
                            "simpleSettingValue": {
                                "@odata.type": "#microsoft.graph.deviceManagementConfigurationIntegerSettingValue",
                                "settingValueTemplateReference": null,
                                "value": 32767
                            }
                        },
                        {
                            "@odata.type": "#microsoft.graph.deviceManagementConfigurationChoiceSettingInstance",
                            "settingDefinitionId": "vendor_msft_firewall_mdmstore_domainprofile_shielded",
                            "settingInstanceTemplateReference": null,
                            "choiceSettingValue": {
                                "settingValueTemplateReference": null,
                                "value": "vendor_msft_firewall_mdmstore_domainprofile_shielded_true",
                                "children": []
                            }
                        }
                    ]
                }
            }
        },
        {
            "id": "1",
            "settingInstance": {
                "@odata.type": "#microsoft.graph.deviceManagementConfigurationChoiceSettingInstance",
                "settingDefinitionId": "vendor_msft_firewall_mdmstore_privateprofile_enablefirewall",
                "settingInstanceTemplateReference": null,
                "choiceSettingValue": {
                    "settingValueTemplateReference": null,
                    "value": "vendor_msft_firewall_mdmstore_privateprofile_enablefirewall_true",
                    "children": [
                        {
                            "@odata.type": "#microsoft.graph.deviceManagementConfigurationChoiceSettingInstance",
                            "settingDefinitionId": "vendor_msft_firewall_mdmstore_privateprofile_allowlocalipsecpolicymerge",
                            "settingInstanceTemplateReference": null,
                            "choiceSettingValue": {
                                "settingValueTemplateReference": null,
                                "value": "vendor_msft_firewall_mdmstore_privateprofile_allowlocalipsecpolicymerge_true",
                                "children": []
                            }
                        },
                        {
                            "@odata.type": "#microsoft.graph.deviceManagementConfigurationChoiceSettingInstance",
                            "settingDefinitionId": "vendor_msft_firewall_mdmstore_privateprofile_allowlocalpolicymerge",
                            "settingInstanceTemplateReference": null,
                            "choiceSettingValue": {
                                "settingValueTemplateReference": null,
                                "value": "vendor_msft_firewall_mdmstore_privateprofile_allowlocalpolicymerge_true",
                                "children": []
                            }
                        },
                        {
                            "@odata.type": "#microsoft.graph.deviceManagementConfigurationChoiceSettingInstance",
                            "settingDefinitionId": "vendor_msft_firewall_mdmstore_privateprofile_authappsallowuserprefmerge",
                            "settingInstanceTemplateReference": null,
                            "choiceSettingValue": {
                                "settingValueTemplateReference": null,
                                "value": "vendor_msft_firewall_mdmstore_privateprofile_authappsallowuserprefmerge_true",
                                "children": []
                            }
                        },
                        {
                            "@odata.type": "#microsoft.graph.deviceManagementConfigurationChoiceSettingInstance",
                            "settingDefinitionId": "vendor_msft_firewall_mdmstore_privateprofile_defaultinboundaction",
                            "settingInstanceTemplateReference": null,
                            "choiceSettingValue": {
                                "settingValueTemplateReference": null,
                                "value": "vendor_msft_firewall_mdmstore_privateprofile_defaultinboundaction_1",
                                "children": []
                            }
                        },
                        {
                            "@odata.type": "#microsoft.graph.deviceManagementConfigurationChoiceSettingInstance",
                            "settingDefinitionId": "vendor_msft_firewall_mdmstore_privateprofile_defaultoutboundaction",
                            "settingInstanceTemplateReference": null,
                            "choiceSettingValue": {
                                "settingValueTemplateReference": null,
                                "value": "vendor_msft_firewall_mdmstore_privateprofile_defaultoutboundaction_0",
                                "children": []
                            }
                        },
                        {
                            "@odata.type": "#microsoft.graph.deviceManagementConfigurationChoiceSettingInstance",
                            "settingDefinitionId": "vendor_msft_firewall_mdmstore_privateprofile_disableinboundnotifications",
                            "settingInstanceTemplateReference": null,
                            "choiceSettingValue": {
                                "settingValueTemplateReference": null,
                                "value": "vendor_msft_firewall_mdmstore_privateprofile_disableinboundnotifications_false",
                                "children": []
                            }
                        },
                        {
                            "@odata.type": "#microsoft.graph.deviceManagementConfigurationChoiceSettingInstance",
                            "settingDefinitionId": "vendor_msft_firewall_mdmstore_privateprofile_disablestealthmode",
                            "settingInstanceTemplateReference": null,
                            "choiceSettingValue": {
                                "settingValueTemplateReference": null,
                                "value": "vendor_msft_firewall_mdmstore_privateprofile_disablestealthmode_false",
                                "children": []
                            }
                        },
                        {
                            "@odata.type": "#microsoft.graph.deviceManagementConfigurationChoiceSettingInstance",
                            "settingDefinitionId": "vendor_msft_firewall_mdmstore_privateprofile_disablestealthmodeipsecsecuredpacketexemption",
                            "settingInstanceTemplateReference": null,
                            "choiceSettingValue": {
                                "settingValueTemplateReference": null,
                                "value": "vendor_msft_firewall_mdmstore_privateprofile_disablestealthmodeipsecsecuredpacketexemption_true",
                                "children": []
                            }
                        },
                        {
                            "@odata.type": "#microsoft.graph.deviceManagementConfigurationChoiceSettingInstance",
                            "settingDefinitionId": "vendor_msft_firewall_mdmstore_privateprofile_disableunicastresponsestomulticastbroadcast",
                            "settingInstanceTemplateReference": null,
                            "choiceSettingValue": {
                                "settingValueTemplateReference": null,
                                "value": "vendor_msft_firewall_mdmstore_privateprofile_disableunicastresponsestomulticastbroadcast_false",
                                "children": []
                            }
                        },
                        {
                            "@odata.type": "#microsoft.graph.deviceManagementConfigurationChoiceSettingInstance",
                            "settingDefinitionId": "vendor_msft_firewall_mdmstore_privateprofile_enablelogdroppedpackets",
                            "settingInstanceTemplateReference": null,
                            "choiceSettingValue": {
                                "settingValueTemplateReference": null,
                                "value": "vendor_msft_firewall_mdmstore_privateprofile_enablelogdroppedpackets_true",
                                "children": []
                            }
                        },
                        {
                            "@odata.type": "#microsoft.graph.deviceManagementConfigurationChoiceSettingInstance",
                            "settingDefinitionId": "vendor_msft_firewall_mdmstore_privateprofile_enablelogignoredrules",
                            "settingInstanceTemplateReference": null,
                            "choiceSettingValue": {
                                "settingValueTemplateReference": null,
                                "value": "vendor_msft_firewall_mdmstore_privateprofile_enablelogignoredrules_true",
                                "children": []
                            }
                        },
                        {
                            "@odata.type": "#microsoft.graph.deviceManagementConfigurationChoiceSettingInstance",
                            "settingDefinitionId": "vendor_msft_firewall_mdmstore_privateprofile_enablelogsuccessconnections",
                            "settingInstanceTemplateReference": null,
                            "choiceSettingValue": {
                                "settingValueTemplateReference": null,
                                "value": "vendor_msft_firewall_mdmstore_privateprofile_enablelogsuccessconnections_true",
                                "children": []
                            }
                        },
                        {
                            "@odata.type": "#microsoft.graph.deviceManagementConfigurationChoiceSettingInstance",
                            "settingDefinitionId": "vendor_msft_firewall_mdmstore_privateprofile_globalportsallowuserprefmerge",
                            "settingInstanceTemplateReference": null,
                            "choiceSettingValue": {
                                "settingValueTemplateReference": null,
                                "value": "vendor_msft_firewall_mdmstore_privateprofile_globalportsallowuserprefmerge_true",
                                "children": []
                            }
                        },
                        {
                            "@odata.type": "#microsoft.graph.deviceManagementConfigurationSimpleSettingInstance",
                            "settingDefinitionId": "vendor_msft_firewall_mdmstore_privateprofile_logfilepath",
                            "settingInstanceTemplateReference": null,
                            "simpleSettingValue": {
                                "@odata.type": "#microsoft.graph.deviceManagementConfigurationStringSettingValue",
                                "settingValueTemplateReference": null,
                                "value": "%systemroot%\\system32\\LogFiles\\Firewall\\Privatefirewall.log"
                            }
                        },
                        {
                            "@odata.type": "#microsoft.graph.deviceManagementConfigurationSimpleSettingInstance",
                            "settingDefinitionId": "vendor_msft_firewall_mdmstore_privateprofile_logmaxfilesize",
                            "settingInstanceTemplateReference": null,
                            "simpleSettingValue": {
                                "@odata.type": "#microsoft.graph.deviceManagementConfigurationIntegerSettingValue",
                                "settingValueTemplateReference": null,
                                "value": 32767
                            }
                        },
                        {
                            "@odata.type": "#microsoft.graph.deviceManagementConfigurationChoiceSettingInstance",
                            "settingDefinitionId": "vendor_msft_firewall_mdmstore_privateprofile_shielded",
                            "settingInstanceTemplateReference": null,
                            "choiceSettingValue": {
                                "settingValueTemplateReference": null,
                                "value": "vendor_msft_firewall_mdmstore_privateprofile_shielded_false",
                                "children": []
                            }
                        }
                    ]
                }
            }
        },
        {
            "id": "2",
            "settingInstance": {
                "@odata.type": "#microsoft.graph.deviceManagementConfigurationChoiceSettingInstance",
                "settingDefinitionId": "vendor_msft_firewall_mdmstore_publicprofile_enablefirewall",
                "settingInstanceTemplateReference": null,
                "choiceSettingValue": {
                    "settingValueTemplateReference": null,
                    "value": "vendor_msft_firewall_mdmstore_publicprofile_enablefirewall_true",
                    "children": [
                        {
                            "@odata.type": "#microsoft.graph.deviceManagementConfigurationChoiceSettingInstance",
                            "settingDefinitionId": "vendor_msft_firewall_mdmstore_publicprofile_allowlocalipsecpolicymerge",
                            "settingInstanceTemplateReference": null,
                            "choiceSettingValue": {
                                "settingValueTemplateReference": null,
                                "value": "vendor_msft_firewall_mdmstore_publicprofile_allowlocalipsecpolicymerge_true",
                                "children": []
                            }
                        },
                        {
                            "@odata.type": "#microsoft.graph.deviceManagementConfigurationChoiceSettingInstance",
                            "settingDefinitionId": "vendor_msft_firewall_mdmstore_publicprofile_allowlocalpolicymerge",
                            "settingInstanceTemplateReference": null,
                            "choiceSettingValue": {
                                "settingValueTemplateReference": null,
                                "value": "vendor_msft_firewall_mdmstore_publicprofile_allowlocalpolicymerge_true",
                                "children": []
                            }
                        },
                        {
                            "@odata.type": "#microsoft.graph.deviceManagementConfigurationChoiceSettingInstance",
                            "settingDefinitionId": "vendor_msft_firewall_mdmstore_publicprofile_authappsallowuserprefmerge",
                            "settingInstanceTemplateReference": null,
                            "choiceSettingValue": {
                                "settingValueTemplateReference": null,
                                "value": "vendor_msft_firewall_mdmstore_publicprofile_authappsallowuserprefmerge_true",
                                "children": []
                            }
                        },
                        {
                            "@odata.type": "#microsoft.graph.deviceManagementConfigurationChoiceSettingInstance",
                            "settingDefinitionId": "vendor_msft_firewall_mdmstore_publicprofile_defaultinboundaction",
                            "settingInstanceTemplateReference": null,
                            "choiceSettingValue": {
                                "settingValueTemplateReference": null,
                                "value": "vendor_msft_firewall_mdmstore_publicprofile_defaultinboundaction_1",
                                "children": []
                            }
                        },
                        {
                            "@odata.type": "#microsoft.graph.deviceManagementConfigurationChoiceSettingInstance",
                            "settingDefinitionId": "vendor_msft_firewall_mdmstore_publicprofile_defaultoutboundaction",
                            "settingInstanceTemplateReference": null,
                            "choiceSettingValue": {
                                "settingValueTemplateReference": null,
                                "value": "vendor_msft_firewall_mdmstore_publicprofile_defaultoutboundaction_0",
                                "children": []
                            }
                        },
                        {
                            "@odata.type": "#microsoft.graph.deviceManagementConfigurationChoiceSettingInstance",
                            "settingDefinitionId": "vendor_msft_firewall_mdmstore_publicprofile_disableinboundnotifications",
                            "settingInstanceTemplateReference": null,
                            "choiceSettingValue": {
                                "settingValueTemplateReference": null,
                                "value": "vendor_msft_firewall_mdmstore_publicprofile_disableinboundnotifications_false",
                                "children": []
                            }
                        },
                        {
                            "@odata.type": "#microsoft.graph.deviceManagementConfigurationChoiceSettingInstance",
                            "settingDefinitionId": "vendor_msft_firewall_mdmstore_publicprofile_disablestealthmode",
                            "settingInstanceTemplateReference": null,
                            "choiceSettingValue": {
                                "settingValueTemplateReference": null,
                                "value": "vendor_msft_firewall_mdmstore_publicprofile_disablestealthmode_false",
                                "children": []
                            }
                        },
                        {
                            "@odata.type": "#microsoft.graph.deviceManagementConfigurationChoiceSettingInstance",
                            "settingDefinitionId": "vendor_msft_firewall_mdmstore_publicprofile_disablestealthmodeipsecsecuredpacketexemption",
                            "settingInstanceTemplateReference": null,
                            "choiceSettingValue": {
                                "settingValueTemplateReference": null,
                                "value": "vendor_msft_firewall_mdmstore_publicprofile_disablestealthmodeipsecsecuredpacketexemption_true",
                                "children": []
                            }
                        },
                        {
                            "@odata.type": "#microsoft.graph.deviceManagementConfigurationChoiceSettingInstance",
                            "settingDefinitionId": "vendor_msft_firewall_mdmstore_publicprofile_disableunicastresponsestomulticastbroadcast",
                            "settingInstanceTemplateReference": null,
                            "choiceSettingValue": {
                                "settingValueTemplateReference": null,
                                "value": "vendor_msft_firewall_mdmstore_publicprofile_disableunicastresponsestomulticastbroadcast_false",
                                "children": []
                            }
                        },
                        {
                            "@odata.type": "#microsoft.graph.deviceManagementConfigurationChoiceSettingInstance",
                            "settingDefinitionId": "vendor_msft_firewall_mdmstore_publicprofile_enablelogdroppedpackets",
                            "settingInstanceTemplateReference": null,
                            "choiceSettingValue": {
                                "settingValueTemplateReference": null,
                                "value": "vendor_msft_firewall_mdmstore_publicprofile_enablelogdroppedpackets_true",
                                "children": []
                            }
                        },
                        {
                            "@odata.type": "#microsoft.graph.deviceManagementConfigurationChoiceSettingInstance",
                            "settingDefinitionId": "vendor_msft_firewall_mdmstore_publicprofile_enablelogignoredrules",
                            "settingInstanceTemplateReference": null,
                            "choiceSettingValue": {
                                "settingValueTemplateReference": null,
                                "value": "vendor_msft_firewall_mdmstore_publicprofile_enablelogignoredrules_true",
                                "children": []
                            }
                        },
                        {
                            "@odata.type": "#microsoft.graph.deviceManagementConfigurationChoiceSettingInstance",
                            "settingDefinitionId": "vendor_msft_firewall_mdmstore_publicprofile_enablelogsuccessconnections",
                            "settingInstanceTemplateReference": null,
                            "choiceSettingValue": {
                                "settingValueTemplateReference": null,
                                "value": "vendor_msft_firewall_mdmstore_publicprofile_enablelogsuccessconnections_true",
                                "children": []
                            }
                        },
                        {
                            "@odata.type": "#microsoft.graph.deviceManagementConfigurationChoiceSettingInstance",
                            "settingDefinitionId": "vendor_msft_firewall_mdmstore_publicprofile_globalportsallowuserprefmerge",
                            "settingInstanceTemplateReference": null,
                            "choiceSettingValue": {
                                "settingValueTemplateReference": null,
                                "value": "vendor_msft_firewall_mdmstore_publicprofile_globalportsallowuserprefmerge_true",
                                "children": []
                            }
                        },
                        {
                            "@odata.type": "#microsoft.graph.deviceManagementConfigurationSimpleSettingInstance",
                            "settingDefinitionId": "vendor_msft_firewall_mdmstore_publicprofile_logfilepath",
                            "settingInstanceTemplateReference": null,
                            "simpleSettingValue": {
                                "@odata.type": "#microsoft.graph.deviceManagementConfigurationStringSettingValue",
                                "settingValueTemplateReference": null,
                                "value": "%systemroot%\\system32\\LogFiles\\Firewall\\Publicfirewall.log"
                            }
                        },
                        {
                            "@odata.type": "#microsoft.graph.deviceManagementConfigurationSimpleSettingInstance",
                            "settingDefinitionId": "vendor_msft_firewall_mdmstore_publicprofile_logmaxfilesize",
                            "settingInstanceTemplateReference": null,
                            "simpleSettingValue": {
                                "@odata.type": "#microsoft.graph.deviceManagementConfigurationIntegerSettingValue",
                                "settingValueTemplateReference": null,
                                "value": 32767
                            }
                        },
                        {
                            "@odata.type": "#microsoft.graph.deviceManagementConfigurationChoiceSettingInstance",
                            "settingDefinitionId": "vendor_msft_firewall_mdmstore_publicprofile_shielded",
                            "settingInstanceTemplateReference": null,
                            "choiceSettingValue": {
                                "settingValueTemplateReference": null,
                                "value": "vendor_msft_firewall_mdmstore_publicprofile_shielded_false",
                                "children": []
                            }
                        }
                    ]
                }
            }
        }
    ]
}