NameSpace,Class,Authorized,Comment
root\cimv2\mdm\dmmap,MDM_Policy_Result01_AboveLock02,FALSE,
root\cimv2\mdm\dmmap,MDM_Policy_Result01_Accounts02,FALSE,
root\cimv2\mdm\dmmap,MDM_Policy_Result01_ActiveXControls02,FALSE,
root\cimv2\mdm\dmmap,MDM_Policy_Result01_ApplicationDefaults02,FALSE,
root\cimv2\mdm\dmmap,MDM_Policy_Result01_ApplicationManagement02,FALSE,
root\cimv2\mdm\dmmap,MDM_Policy_Result01_AppRuntime02,FALSE,
root\cimv2\mdm\dmmap,MDM_Policy_Result01_AppVirtualization02,FALSE,
root\cimv2\mdm\dmmap,MDM_Policy_Result01_Audit02,FALSE,
root\cimv2\mdm\dmmap,MDM_Policy_Result01_Authentication02,FALSE,
root\cimv2\mdm\dmmap,MDM_Policy_Result01_Autoplay02,FALSE,
root\cimv2\mdm\dmmap,MDM_Policy_Result01_Bitlocker02,FALSE,
root\cimv2\mdm\dmmap,MDM_Policy_Result01_BITS02,FALSE,
root\cimv2\mdm\dmmap,MDM_Policy_Result01_Bluetooth02,FALSE,
root\cimv2\mdm\dmmap,MDM_Policy_Result01_Browser02,FALSE,
root\cimv2\mdm\dmmap,MDM_Policy_Result01_Camera02,FALSE,
root\cimv2\mdm\dmmap,MDM_Policy_Result01_Cellular02,FALSE,
root\cimv2\mdm\dmmap,MDM_Policy_Result01_Connectivity02,FALSE,
root\cimv2\mdm\dmmap,MDM_Policy_Result01_ControlPolicyConflict02,FALSE,
root\cimv2\mdm\dmmap,MDM_Policy_Result01_CredentialProviders02,FALSE,
root\cimv2\mdm\dmmap,MDM_Policy_Result01_CredentialsDelegation02,FALSE,
root\cimv2\mdm\dmmap,MDM_Policy_Result01_CredentialsUI02,FALSE,
root\cimv2\mdm\dmmap,MDM_Policy_Result01_Cryptography02,TRUE,
root\cimv2\mdm\dmmap,MDM_Policy_Result01_DataProtection02,FALSE,
root\cimv2\mdm\dmmap,MDM_Policy_Result01_DataUsage02,FALSE,
root\cimv2\mdm\dmmap,MDM_Policy_Result01_Defender02,FALSE,
root\cimv2\mdm\dmmap,MDM_Policy_Result01_DeliveryOptimization02,FALSE,
root\cimv2\mdm\dmmap,MDM_Policy_Result01_DeviceGuard02,TRUE,
root\cimv2\mdm\dmmap,MDM_Policy_Result01_DeviceHealthMonitoring02,FALSE,
root\cimv2\mdm\dmmap,MDM_Policy_Result01_DeviceInstallation02,FALSE,
root\cimv2\mdm\dmmap,MDM_Policy_Result01_DeviceLock02,FALSE,
root\cimv2\mdm\dmmap,MDM_Policy_Result01_Display02,FALSE,
root\cimv2\mdm\dmmap,MDM_Policy_Result01_DisplayEnhancement02,FALSE,
root\cimv2\mdm\dmmap,MDM_Policy_Result01_DmaGuard02,FALSE,
root\cimv2\mdm\dmmap,MDM_Policy_Result01_Eap02,FALSE,
root\cimv2\mdm\dmmap,MDM_Policy_Result01_ErrorReporting02,FALSE,
root\cimv2\mdm\dmmap,MDM_Policy_Result01_EventLogService02,FALSE,
root\cimv2\mdm\dmmap,MDM_Policy_Result01_Experience02,FALSE,
root\cimv2\mdm\dmmap,MDM_Policy_Result01_ExploitGuard02,FALSE,
root\cimv2\mdm\dmmap,MDM_Policy_Result01_Feeds02,FALSE,
root\cimv2\mdm\dmmap,MDM_Policy_Result01_FileExplorer02,FALSE,
root\cimv2\mdm\dmmap,MDM_Policy_Result01_Games02,FALSE,
root\cimv2\mdm\dmmap,MDM_Policy_Result01_Handwriting02,FALSE,
root\cimv2\mdm\dmmap,MDM_Policy_Result01_HumanPresence02,FALSE,
root\cimv2\mdm\dmmap,MDM_Policy_Result01_InternetExplorer02,FALSE,
root\cimv2\mdm\dmmap,MDM_Policy_Result01_Kerberos02,FALSE,
root\cimv2\mdm\dmmap,MDM_Policy_Result01_KioskBrowser02,FALSE,
root\cimv2\mdm\dmmap,MDM_Policy_Result01_LanmanWorkstation02,FALSE,
root\cimv2\mdm\dmmap,MDM_Policy_Result01_Licensing02,FALSE,
root\cimv2\mdm\dmmap,MDM_Policy_Result01_LocalPoliciesSecurityOptions02,FALSE,
root\cimv2\mdm\dmmap,MDM_Policy_Result01_LocalUsersAndGroups02,FALSE,
root\cimv2\mdm\dmmap,MDM_Policy_Result01_LockDown02,FALSE,
root\cimv2\mdm\dmmap,MDM_Policy_Result01_Maps02,FALSE,
root\cimv2\mdm\dmmap,MDM_Policy_Result01_MemoryDump02,FALSE,
root\cimv2\mdm\dmmap,MDM_Policy_Result01_Messaging02,FALSE,
root\cimv2\mdm\dmmap,MDM_Policy_Result01_MixedReality02,FALSE,
root\cimv2\mdm\dmmap,MDM_Policy_Result01_MSSecurityGuide02,FALSE,
root\cimv2\mdm\dmmap,MDM_Policy_Result01_MSSLegacy02,FALSE,
root\cimv2\mdm\dmmap,MDM_Policy_Result01_NetworkIsolation02,FALSE,
root\cimv2\mdm\dmmap,MDM_Policy_Result01_NetworkListManager02,FALSE,
root\cimv2\mdm\dmmap,MDM_Policy_Result01_NewsAndInterests02,FALSE,
root\cimv2\mdm\dmmap,MDM_Policy_Result01_Notifications02,FALSE,
root\cimv2\mdm\dmmap,MDM_Policy_Result01_Power02,FALSE,
root\cimv2\mdm\dmmap,MDM_Policy_Result01_Printers02,FALSE,
root\cimv2\mdm\dmmap,MDM_Policy_Result01_Privacy02,FALSE,
root\cimv2\mdm\dmmap,MDM_Policy_Result01_RemoteAssistance02,FALSE,
root\cimv2\mdm\dmmap,MDM_Policy_Result01_RemoteDesktop02,FALSE,
root\cimv2\mdm\dmmap,MDM_Policy_Result01_RemoteDesktopServices02,FALSE,
root\cimv2\mdm\dmmap,MDM_Policy_Result01_RemoteManagement02,FALSE,
root\cimv2\mdm\dmmap,MDM_Policy_Result01_RemoteProcedureCall02,FALSE,
root\cimv2\mdm\dmmap,MDM_Policy_Result01_RemoteShell02,FALSE,
root\cimv2\mdm\dmmap,MDM_Policy_Result01_RestrictedGroups02,FALSE,
root\cimv2\mdm\dmmap,MDM_Policy_Result01_Search02,FALSE,
root\cimv2\mdm\dmmap,MDM_Policy_Result01_Security02,FALSE,
root\cimv2\mdm\dmmap,MDM_Policy_Result01_ServiceControlManager02,FALSE,
root\cimv2\mdm\dmmap,MDM_Policy_Result01_Settings02,FALSE,
root\cimv2\mdm\dmmap,MDM_Policy_Result01_SmartScreen02,FALSE,
root\cimv2\mdm\dmmap,MDM_Policy_Result01_Speech02,FALSE,
root\cimv2\mdm\dmmap,MDM_Policy_Result01_Start02,FALSE,
root\cimv2\mdm\dmmap,MDM_Policy_Result01_Storage02,FALSE,
root\cimv2\mdm\dmmap,MDM_Policy_Result01_System02,FALSE,This class only outputs accurate info when queried with SYSTEM privileges
root\cimv2\mdm\dmmap,MDM_Policy_Result01_TaskManager02,FALSE,
root\cimv2\mdm\dmmap,MDM_Policy_Result01_TaskScheduler02,FALSE,
root\cimv2\mdm\dmmap,MDM_Policy_Result01_TenantRestrictions02,FALSE,
root\cimv2\mdm\dmmap,MDM_Policy_Result01_TextInput02,FALSE,
root\cimv2\mdm\dmmap,MDM_Policy_Result01_Theme02,FALSE,
root\cimv2\mdm\dmmap,MDM_Policy_Result01_TimeLanguageSettings02,FALSE,
root\cimv2\mdm\dmmap,MDM_Policy_Result01_Troubleshooting02,FALSE,
root\cimv2\mdm\dmmap,MDM_Policy_Result01_Update02,FALSE,This class only outputs accurate info when queried with SYSTEM privileges
root\cimv2\mdm\dmmap,MDM_Policy_Result01_UserModel02,FALSE,
root\cimv2\mdm\dmmap,MDM_Policy_Result01_UserRights02,FALSE,
root\cimv2\mdm\dmmap,MDM_Policy_Result01_VirtualizationBasedTechnology02,TRUE,
root\cimv2\mdm\dmmap,MDM_Policy_Result01_Wifi02,FALSE,
root\cimv2\mdm\dmmap,MDM_Policy_Result01_WindowsAutopilot02,FALSE,
root\cimv2\mdm\dmmap,MDM_Policy_Result01_WindowsConnectionManager02,FALSE,
root\cimv2\mdm\dmmap,MDM_Policy_Result01_WindowsDefenderSecurityCenter02,FALSE,
root\cimv2\mdm\dmmap,MDM_Policy_Result01_WindowsInkWorkspace02,FALSE,
root\cimv2\mdm\dmmap,MDM_Policy_Result01_WindowsLogon02,FALSE,
root\cimv2\mdm\dmmap,MDM_Policy_Result01_WindowsPowerShell02,FALSE,
root\cimv2\mdm\dmmap,MDM_Policy_Result01_WindowsSandbox02,FALSE,
root\cimv2\mdm\dmmap,MDM_Policy_Result01_WirelessDisplay02,FALSE,
root\cimv2\mdm\dmmap,MDM_Policy_User_Result01_ApplicationManagement02,FALSE,
root\cimv2\mdm\dmmap,MDM_Policy_User_Result01_AttachmentManager02,FALSE,
root\cimv2\mdm\dmmap,MDM_Policy_User_Result01_Authentication02,FALSE,
root\cimv2\mdm\dmmap,MDM_Policy_User_Result01_Browser02,FALSE,
root\cimv2\mdm\dmmap,MDM_Policy_User_Result01_CredentialsUI02,FALSE,
root\cimv2\mdm\dmmap,MDM_Policy_User_Result01_Desktop02,FALSE,
root\cimv2\mdm\dmmap,MDM_Policy_User_Result01_Display02,FALSE,
root\cimv2\mdm\dmmap,MDM_Policy_User_Result01_Education02,FALSE,
root\cimv2\mdm\dmmap,MDM_Policy_User_Result01_EnterpriseCloudPrint02,FALSE,
root\cimv2\mdm\dmmap,MDM_Policy_User_Result01_Experience02,FALSE,
root\cimv2\mdm\dmmap,MDM_Policy_User_Result01_FileExplorer02,FALSE,
root\cimv2\mdm\dmmap,MDM_Policy_User_Result01_InternetExplorer02,FALSE,
root\cimv2\mdm\dmmap,MDM_Policy_User_Result01_Multitasking02,FALSE,
root\cimv2\mdm\dmmap,MDM_Policy_User_Result01_Notifications02,FALSE,
root\cimv2\mdm\dmmap,MDM_Policy_User_Result01_Printers02,FALSE,
root\cimv2\mdm\dmmap,MDM_Policy_User_Result01_Privacy02,FALSE,
root\cimv2\mdm\dmmap,MDM_Policy_User_Result01_RemoteDesktop02,FALSE,
root\cimv2\mdm\dmmap,MDM_Policy_User_Result01_Security02,FALSE,
root\cimv2\mdm\dmmap,MDM_Policy_User_Result01_Settings02,FALSE,
root\cimv2\mdm\dmmap,MDM_Policy_User_Result01_Start02,FALSE,
root\cimv2\mdm\dmmap,MDM_Policy_User_Result01_Storage02,FALSE,
root\cimv2\mdm\dmmap,MDM_Policy_User_Result01_System02,FALSE,
root\cimv2\mdm\dmmap,MDM_Policy_User_Result01_TimeLanguageSettings02,FALSE,
ROOT\Microsoft\Windows\DeviceGuard,Win32_DeviceGuard,FALSE,
ROOT\Microsoft\SecurityClient,Win32_ProviderEx,FALSE,
ROOT\Microsoft\SecurityClient,ProtectionTechnologyStatus,FALSE,
ROOT\Microsoft\HomeNet,HNet_FwIcmpSettings,FALSE,