{
    "SafeToRemoveAppsList": [
        {
            "Name": "MicrosoftCorporationII.QuickAssist",
            "Description": "Quick Assist"
        },
        {
            "Name": "Microsoft.XboxSpeechToTextOverlay",
            "Description": "Speech-to-text overlay for Xbox"
        },
        {
            "Name": "Microsoft.Windows.DevHome",
            "Description": "DevHome App"
        },
        {
            "Name": "Microsoft.OutlookForWindows",
            "Description": "Outlook for Windows"
        },
        {
            "Name": "Microsoft.Xbox.TCUI",
            "Description": "Xbox game connection feature"
        },
        {
            "Name": "Microsoft.Todos",
            "Description": "Microsoft To Do"
        },
        {
            "Name": "Microsoft.BingNews",
            "Description": "News App"
        },
        {
            "Name": "Clipchamp.Clipchamp",
            "Description": "ClipChamp Video Editor"
        },
        {
            "Name": "Microsoft.GetHelp",
            "Description": "Get Help App"
        },
        {
            "Name": "Microsoft.WindowsTerminal",
            "Description": "Windows Terminal"
        },
        {
            "Name": "Microsoft.BingSearch",
            "Description": "Microsoft Bing Search"
        },
        {
            "Name": "Microsoft.StorePurchaseApp",
            "Description": "Microsoft Store Purchase App"
        },
        {
            "Name": "Microsoft.WindowsFeedbackHub",
            "Description": "Feedback Hub"
        },
        {
            "Name": "Microsoft.XboxGamingOverlay",
            "Description": "Xbox Game Overlay"
        },
        {
            "Name": "Microsoft.WindowsCamera",
            "Description": "Camera App"
        },
        {
            "Name": "Microsoft.WindowsCalculator",
            "Description": "Calculator App"
        },
        {
            "Name": "Microsoft.GamingApp",
            "Description": "Xbox App"
        },
        {
            "Name": "Microsoft.ZuneMusic",
            "Description": "Music App"
        },
        {
            "Name": "Microsoft.WindowsAlarms",
            "Description": "Alarm App"
        },
        {
            "Name": "Microsoft.PowerAutomateDesktop",
            "Description": "Power Automate"
        },
        {
            "Name": "Microsoft.BingWeather",
            "Description": "Weather App"
        },
        {
            "Name": "Microsoft.ScreenSketch",
            "Description": "Snipping Tool"
        },
        {
            "Name": "Microsoft.WindowsNotepad",
            "Description": "Notepad"
        },
        {
            "Name": "Microsoft.XboxIdentityProvider",
            "Description": "Xbox Identity Provider"
        },
        {
            "Name": "Microsoft.Paint",
            "Description": "Paint App"
        },
        {
            "Name": "Microsoft.Windows.Photos",
            "Description": "Photos App"
        },
        {
            "Name": "Microsoft.Copilot",
            "Description": "Copilot App"
        },
        {
            "Name": "Microsoft.MicrosoftStickyNotes",
            "Description": "Sticky Notes"
        },
        {
            "Name": "MicrosoftWindows.WindowsSandbox",
            "Description": "Windows Sandbox"
        },
        {
            "Name": "MSTeams",
            "Description": "Microsoft Teams"
        },
        {
            "Name": "Microsoft.Winget.Source",
            "Description": "Winget App"
        },
        {
            "Name": "MicrosoftWindows.CrossDevice",
            "Description": "Cross Device App"
        },
        {
            "Name": "Microsoft.YourPhone",
            "Description": "Your Phone App"
        },
        {
            "Name": "Microsoft.WindowsSoundRecorder",
            "Description": "Sound Recorder App"
        },
        {
            "Name": "Microsoft.MicrosoftSolitaireCollection",
            "Description": "Microsoft Solitaire Collection Game"
        },
        {
            "Name": "Microsoft.MicrosoftOfficeHub",
            "Description": "Office App"
        },
        {
            "Name": "Microsoft.OneDriveSync",
            "Description": "OneDrive Sync"
        }
    ]
}