<?xml version="1.0"?>
<doc>
    <assembly>
        <name>HardenWindowsSecurity</name>
    </assembly>
    <members>
        <member name="T:HardenWindowsSecurity.App">
            <summary>
            Provides application-specific behavior to supplement the default Application class.
            </summary>
        </member>
        <member name="M:HardenWindowsSecurity.App.#ctor">
            <summary>
            Initializes the singleton application object.  This is the first line of authored code
            executed, and as such is the logical equivalent of main() or WinMain().
            </summary>
        </member>
        <member name="M:HardenWindowsSecurity.App.OnLaunched(Microsoft.UI.Xaml.LaunchActivatedEventArgs)">
            <summary>
            Invoked when the application is launched.
            </summary>
            <param name="args">Details about the launch request and process.</param>
        </member>
        <member name="M:HardenWindowsSecurity.App.InitializeComponent">
            <summary>
            InitializeComponent()
            </summary>
        </member>
        <member name="M:HardenWindowsSecurity.App.GetXamlType(System.Type)">
            <summary>
            GetXamlType(Type)
            </summary>
        </member>
        <member name="M:HardenWindowsSecurity.App.GetXamlType(System.String)">
            <summary>
            GetXamlType(String)
            </summary>
        </member>
        <member name="M:HardenWindowsSecurity.App.GetXmlnsDefinitions">
            <summary>
            GetXmlnsDefinitions()
            </summary>
        </member>
        <member name="T:HardenWindowsSecurity.MainWindow">
            <summary>
            An empty window that can be used on its own or navigated to within a Frame.
            </summary>
        </member>
        <member name="M:HardenWindowsSecurity.MainWindow.InitializeComponent">
            <summary>
            InitializeComponent()
            </summary>
        </member>
        <member name="M:HardenWindowsSecurity.MainWindow.Connect(System.Int32,System.Object)">
            <summary>
            Connect()
            </summary>
        </member>
        <member name="M:HardenWindowsSecurity.MainWindow.GetBindingConnector(System.Int32,System.Object)">
            <summary>
            GetBindingConnector(int connectionId, object target)
            </summary>
        </member>
        <member name="T:HardenWindowsSecurity.Program">
            <summary>
            Program class
            </summary>
        </member>
        <member name="T:HardenWindowsSecurity.Harden_Windows_Security_XamlTypeInfo.XamlMetaDataProvider">
            <summary>
            Main class for providing metadata for the app or library
            </summary>
        </member>
        <member name="M:HardenWindowsSecurity.Harden_Windows_Security_XamlTypeInfo.XamlMetaDataProvider.GetXamlType(System.Type)">
            <summary>
            GetXamlType(Type)
            </summary>
        </member>
        <member name="M:HardenWindowsSecurity.Harden_Windows_Security_XamlTypeInfo.XamlMetaDataProvider.GetXamlType(System.String)">
            <summary>
            GetXamlType(String)
            </summary>
        </member>
        <member name="M:HardenWindowsSecurity.Harden_Windows_Security_XamlTypeInfo.XamlMetaDataProvider.GetXmlnsDefinitions">
            <summary>
            GetXmlnsDefinitions()
            </summary>
        </member>
    </members>
</doc>
