{
    "v": "5.4.4",
    "fr": 24,
    "ip": 0,
    "op": 28,
    "w": 48,
    "h": 48,
    "nm": "curly-arrow",
    "ddd": 0,
    "assets": [],
    "layers": [
        {
            "ddd": 0,
            "ind": 1,
            "ty": 4,
            "nm": "Line 2",
            "sr": 1,
            "ks": {
                "o": {
                    "a": 0,
                    "k": 100,
                    "ix": 11
                },
                "r": {
                    "a": 0,
                    "k": 0,
                    "ix": 10
                },
                "p": {
                    "a": 0,
                    "k": [
                        24.5,
                        25,
                        0
                    ],
                    "ix": 2
                },
                "a": {
                    "a": 0,
                    "k": [
                        0,
                        0,
                        0
                    ],
                    "ix": 1
                },
                "s": {
                    "a": 0,
                    "k": [
                        100,
                        100,
                        100
                    ],
                    "ix": 6
                }
            },
            "ao": 0,
            "shapes": [
                {
                    "ty": "gr",
                    "it": [
                        {
                            "ind": 0,
                            "ty": "sh",
                            "ix": 1,
                            "ks": {
                                "a": 0,
                                "k": {
                                    "i": [
                                        [
                                            0,
                                            0
                                        ],
                                        [
                                            -7,
                                            0
                                        ],
                                        [
                                            0,
                                            3.646
                                        ],
                                        [
                                            4.006,
                                            0
                                        ],
                                        [
                                            -0.326,
                                            -7.033
                                        ],
                                        [
                                            -8.404,
                                            0
                                        ]
                                    ],
                                    "o": [
                                        [
                                            5.763,
                                            6.146
                                        ],
                                        [
                                            8.505,
                                            0
                                        ],
                                        [
                                            0,
                                            -3.32
                                        ],
                                        [
                                            -6.487,
                                            0
                                        ],
                                        [
                                            0.423,
                                            10.159
                                        ],
                                        [
                                            0,
                                            0
                                        ]
                                    ],
                                    "v": [
                                        [
                                            -16.5,
                                            -15
                                        ],
                                        [
                                            3.5,
                                            0
                                        ],
                                        [
                                            16.5,
                                            -9.748
                                        ],
                                        [
                                            10.507,
                                            -16
                                        ],
                                        [
                                            -1.154,
                                            -1.192
                                        ],
                                        [
                                            15.5,
                                            16
                                        ]
                                    ],
                                    "c": false
                                },
                                "ix": 2
                            },
                            "nm": "Path 1",
                            "mn": "ADBE Vector Shape - Group",
                            "hd": false
                        },
                        {
                            "ty": "st",
                            "c": {
                                "a": 0,
                                "k": [
                                    0.007843137719,
                                    0.670588254929,
                                    0.752941191196,
                                    1
                                ],
                                "ix": 3
                            },
                            "o": {
                                "a": 0,
                                "k": 100,
                                "ix": 4
                            },
                            "w": {
                                "a": 0,
                                "k": 4,
                                "ix": 5
                            },
                            "lc": 1,
                            "lj": 1,
                            "ml": 10,
                            "bm": 0,
                            "nm": "Stroke 1",
                            "mn": "ADBE Vector Graphic - Stroke",
                            "hd": false
                        },
                        {
                            "ty": "tr",
                            "p": {
                                "a": 0,
                                "k": [
                                    0,
                                    0
                                ],
                                "ix": 2
                            },
                            "a": {
                                "a": 0,
                                "k": [
                                    0,
                                    0
                                ],
                                "ix": 1
                            },
                            "s": {
                                "a": 0,
                                "k": [
                                    100,
                                    100
                                ],
                                "ix": 3
                            },
                            "r": {
                                "a": 0,
                                "k": 0,
                                "ix": 6
                            },
                            "o": {
                                "a": 0,
                                "k": 100,
                                "ix": 7
                            },
                            "sk": {
                                "a": 0,
                                "k": 0,
                                "ix": 4
                            },
                            "sa": {
                                "a": 0,
                                "k": 0,
                                "ix": 5
                            },
                            "nm": "Transform"
                        }
                    ],
                    "nm": "Group 1",
                    "np": 2,
                    "cix": 2,
                    "bm": 0,
                    "ix": 1,
                    "mn": "ADBE Vector Group",
                    "hd": false
                },
                {
                    "ty": "tm",
                    "s": {
                        "a": 1,
                        "k": [
                            {
                                "i": {
                                    "x": [
                                        0.667
                                    ],
                                    "y": [
                                        1
                                    ]
                                },
                                "o": {
                                    "x": [
                                        0.333
                                    ],
                                    "y": [
                                        0
                                    ]
                                },
                                "t": 17,
                                "s": [
                                    100
                                ],
                                "e": [
                                    0
                                ]
                            },
                            {
                                "t": 22
                            }
                        ],
                        "ix": 1
                    },
                    "e": {
                        "a": 0,
                        "k": 100,
                        "ix": 2
                    },
                    "o": {
                        "a": 0,
                        "k": 0,
                        "ix": 3
                    },
                    "m": 1,
                    "ix": 2,
                    "nm": "Trim Paths 1",
                    "mn": "ADBE Vector Filter - Trim",
                    "hd": false
                }
            ],
            "ip": 17,
            "op": 28,
            "st": 0,
            "bm": 0
        },
        {
            "ddd": 0,
            "ind": 2,
            "ty": 4,
            "nm": "Line",
            "sr": 1,
            "ks": {
                "o": {
                    "a": 0,
                    "k": 100,
                    "ix": 11
                },
                "r": {
                    "a": 0,
                    "k": 0,
                    "ix": 10
                },
                "p": {
                    "a": 0,
                    "k": [
                        24.5,
                        25,
                        0
                    ],
                    "ix": 2
                },
                "a": {
                    "a": 0,
                    "k": [
                        0,
                        0,
                        0
                    ],
                    "ix": 1
                },
                "s": {
                    "a": 0,
                    "k": [
                        100,
                        100,
                        100
                    ],
                    "ix": 6
                }
            },
            "ao": 0,
            "shapes": [
                {
                    "ty": "gr",
                    "it": [
                        {
                            "ind": 0,
                            "ty": "sh",
                            "ix": 1,
                            "ks": {
                                "a": 0,
                                "k": {
                                    "i": [
                                        [
                                            0,
                                            0
                                        ],
                                        [
                                            -7,
                                            0
                                        ],
                                        [
                                            0,
                                            3.646
                                        ],
                                        [
                                            4.006,
                                            0
                                        ],
                                        [
                                            -0.326,
                                            -7.033
                                        ],
                                        [
                                            -8.404,
                                            0
                                        ]
                                    ],
                                    "o": [
                                        [
                                            5.763,
                                            6.146
                                        ],
                                        [
                                            8.505,
                                            0
                                        ],
                                        [
                                            0,
                                            -3.32
                                        ],
                                        [
                                            -6.487,
                                            0
                                        ],
                                        [
                                            0.423,
                                            10.159
                                        ],
                                        [
                                            0,
                                            0
                                        ]
                                    ],
                                    "v": [
                                        [
                                            -16.5,
                                            -15
                                        ],
                                        [
                                            3.5,
                                            0
                                        ],
                                        [
                                            16.5,
                                            -9.748
                                        ],
                                        [
                                            10.507,
                                            -16
                                        ],
                                        [
                                            -1.154,
                                            -1.192
                                        ],
                                        [
                                            15.5,
                                            16
                                        ]
                                    ],
                                    "c": false
                                },
                                "ix": 2
                            },
                            "nm": "Path 1",
                            "mn": "ADBE Vector Shape - Group",
                            "hd": false
                        },
                        {
                            "ty": "st",
                            "c": {
                                "a": 0,
                                "k": [
                                    0.007843137719,
                                    0.670588254929,
                                    0.752941191196,
                                    1
                                ],
                                "ix": 3
                            },
                            "o": {
                                "a": 0,
                                "k": 100,
                                "ix": 4
                            },
                            "w": {
                                "a": 0,
                                "k": 4,
                                "ix": 5
                            },
                            "lc": 1,
                            "lj": 1,
                            "ml": 10,
                            "bm": 0,
                            "nm": "Stroke 1",
                            "mn": "ADBE Vector Graphic - Stroke",
                            "hd": false
                        },
                        {
                            "ty": "tr",
                            "p": {
                                "a": 0,
                                "k": [
                                    0,
                                    0
                                ],
                                "ix": 2
                            },
                            "a": {
                                "a": 0,
                                "k": [
                                    0,
                                    0
                                ],
                                "ix": 1
                            },
                            "s": {
                                "a": 0,
                                "k": [
                                    100,
                                    100
                                ],
                                "ix": 3
                            },
                            "r": {
                                "a": 0,
                                "k": 0,
                                "ix": 6
                            },
                            "o": {
                                "a": 0,
                                "k": 100,
                                "ix": 7
                            },
                            "sk": {
                                "a": 0,
                                "k": 0,
                                "ix": 4
                            },
                            "sa": {
                                "a": 0,
                                "k": 0,
                                "ix": 5
                            },
                            "nm": "Transform"
                        }
                    ],
                    "nm": "Group 1",
                    "np": 2,
                    "cix": 2,
                    "bm": 0,
                    "ix": 1,
                    "mn": "ADBE Vector Group",
                    "hd": false
                },
                {
                    "ty": "tm",
                    "s": {
                        "a": 0,
                        "k": 0,
                        "ix": 1
                    },
                    "e": {
                        "a": 1,
                        "k": [
                            {
                                "i": {
                                    "x": [
                                        0.667
                                    ],
                                    "y": [
                                        1
                                    ]
                                },
                                "o": {
                                    "x": [
                                        0.333
                                    ],
                                    "y": [
                                        0
                                    ]
                                },
                                "t": 3,
                                "s": [
                                    100
                                ],
                                "e": [
                                    0
                                ]
                            },
                            {
                                "t": 11
                            }
                        ],
                        "ix": 2
                    },
                    "o": {
                        "a": 0,
                        "k": 0,
                        "ix": 3
                    },
                    "m": 1,
                    "ix": 2,
                    "nm": "Trim Paths 1",
                    "mn": "ADBE Vector Filter - Trim",
                    "hd": false
                }
            ],
            "ip": 0,
            "op": 11,
            "st": 0,
            "bm": 0
        },
        {
            "ddd": 0,
            "ind": 3,
            "ty": 4,
            "nm": "Arrowhead 2",
            "sr": 1,
            "ks": {
                "o": {
                    "a": 0,
                    "k": 100,
                    "ix": 11
                },
                "r": {
                    "a": 0,
                    "k": 0,
                    "ix": 10
                },
                "p": {
                    "a": 0,
                    "k": [
                        13.5,
                        15.5,
                        0
                    ],
                    "ix": 2
                },
                "a": {
                    "a": 0,
                    "k": [
                        0,
                        0,
                        0
                    ],
                    "ix": 1
                },
                "s": {
                    "a": 0,
                    "k": [
                        100,
                        100,
                        100
                    ],
                    "ix": 6
                }
            },
            "ao": 0,
            "shapes": [
                {
                    "ty": "gr",
                    "it": [
                        {
                            "ind": 0,
                            "ty": "sh",
                            "ix": 1,
                            "ks": {
                                "a": 0,
                                "k": {
                                    "i": [
                                        [
                                            0,
                                            0
                                        ],
                                        [
                                            0,
                                            0
                                        ],
                                        [
                                            0,
                                            0
                                        ]
                                    ],
                                    "o": [
                                        [
                                            0,
                                            0
                                        ],
                                        [
                                            0,
                                            0
                                        ],
                                        [
                                            0,
                                            0
                                        ]
                                    ],
                                    "v": [
                                        [
                                            -5.5,
                                            5.5
                                        ],
                                        [
                                            -5.5,
                                            -5.5
                                        ],
                                        [
                                            5.5,
                                            -5.5
                                        ]
                                    ],
                                    "c": false
                                },
                                "ix": 2
                            },
                            "nm": "Path 1",
                            "mn": "ADBE Vector Shape - Group",
                            "hd": false
                        },
                        {
                            "ty": "tm",
                            "s": {
                                "a": 1,
                                "k": [
                                    {
                                        "i": {
                                            "x": [
                                                0.667
                                            ],
                                            "y": [
                                                1
                                            ]
                                        },
                                        "o": {
                                            "x": [
                                                0.333
                                            ],
                                            "y": [
                                                0
                                            ]
                                        },
                                        "t": 22,
                                        "s": [
                                            50
                                        ],
                                        "e": [
                                            0
                                        ]
                                    },
                                    {
                                        "t": 25
                                    }
                                ],
                                "ix": 1
                            },
                            "e": {
                                "a": 1,
                                "k": [
                                    {
                                        "i": {
                                            "x": [
                                                0.667
                                            ],
                                            "y": [
                                                1
                                            ]
                                        },
                                        "o": {
                                            "x": [
                                                0.333
                                            ],
                                            "y": [
                                                0
                                            ]
                                        },
                                        "t": 22,
                                        "s": [
                                            50
                                        ],
                                        "e": [
                                            100
                                        ]
                                    },
                                    {
                                        "t": 25
                                    }
                                ],
                                "ix": 2
                            },
                            "o": {
                                "a": 0,
                                "k": 0,
                                "ix": 3
                            },
                            "m": 1,
                            "ix": 2,
                            "nm": "Trim Paths 1",
                            "mn": "ADBE Vector Filter - Trim",
                            "hd": false
                        },
                        {
                            "ty": "st",
                            "c": {
                                "a": 0,
                                "k": [
                                    0.007843137719,
                                    0.670588254929,
                                    0.752941191196,
                                    1
                                ],
                                "ix": 3
                            },
                            "o": {
                                "a": 0,
                                "k": 100,
                                "ix": 4
                            },
                            "w": {
                                "a": 0,
                                "k": 4,
                                "ix": 5
                            },
                            "lc": 1,
                            "lj": 1,
                            "ml": 10,
                            "bm": 0,
                            "nm": "Stroke 1",
                            "mn": "ADBE Vector Graphic - Stroke",
                            "hd": false
                        },
                        {
                            "ty": "tr",
                            "p": {
                                "a": 0,
                                "k": [
                                    0,
                                    0
                                ],
                                "ix": 2
                            },
                            "a": {
                                "a": 0,
                                "k": [
                                    0,
                                    0
                                ],
                                "ix": 1
                            },
                            "s": {
                                "a": 0,
                                "k": [
                                    100,
                                    100
                                ],
                                "ix": 3
                            },
                            "r": {
                                "a": 0,
                                "k": 0,
                                "ix": 6
                            },
                            "o": {
                                "a": 0,
                                "k": 100,
                                "ix": 7
                            },
                            "sk": {
                                "a": 0,
                                "k": 0,
                                "ix": 4
                            },
                            "sa": {
                                "a": 0,
                                "k": 0,
                                "ix": 5
                            },
                            "nm": "Transform"
                        }
                    ],
                    "nm": "Group 1",
                    "np": 3,
                    "cix": 2,
                    "bm": 0,
                    "ix": 1,
                    "mn": "ADBE Vector Group",
                    "hd": false
                }
            ],
            "ip": 22,
            "op": 28,
            "st": 0,
            "bm": 0
        },
        {
            "ddd": 0,
            "ind": 4,
            "ty": 4,
            "nm": "Arrowhead",
            "sr": 1,
            "ks": {
                "o": {
                    "a": 0,
                    "k": 100,
                    "ix": 11
                },
                "r": {
                    "a": 0,
                    "k": 0,
                    "ix": 10
                },
                "p": {
                    "a": 0,
                    "k": [
                        13.5,
                        15.5,
                        0
                    ],
                    "ix": 2
                },
                "a": {
                    "a": 0,
                    "k": [
                        0,
                        0,
                        0
                    ],
                    "ix": 1
                },
                "s": {
                    "a": 0,
                    "k": [
                        100,
                        100,
                        100
                    ],
                    "ix": 6
                }
            },
            "ao": 0,
            "shapes": [
                {
                    "ty": "gr",
                    "it": [
                        {
                            "ind": 0,
                            "ty": "sh",
                            "ix": 1,
                            "ks": {
                                "a": 0,
                                "k": {
                                    "i": [
                                        [
                                            0,
                                            0
                                        ],
                                        [
                                            0,
                                            0
                                        ],
                                        [
                                            0,
                                            0
                                        ]
                                    ],
                                    "o": [
                                        [
                                            0,
                                            0
                                        ],
                                        [
                                            0,
                                            0
                                        ],
                                        [
                                            0,
                                            0
                                        ]
                                    ],
                                    "v": [
                                        [
                                            -5.5,
                                            5.5
                                        ],
                                        [
                                            -5.5,
                                            -5.5
                                        ],
                                        [
                                            5.5,
                                            -5.5
                                        ]
                                    ],
                                    "c": false
                                },
                                "ix": 2
                            },
                            "nm": "Path 1",
                            "mn": "ADBE Vector Shape - Group",
                            "hd": false
                        },
                        {
                            "ty": "tm",
                            "s": {
                                "a": 1,
                                "k": [
                                    {
                                        "i": {
                                            "x": [
                                                0.667
                                            ],
                                            "y": [
                                                1
                                            ]
                                        },
                                        "o": {
                                            "x": [
                                                0.333
                                            ],
                                            "y": [
                                                0
                                            ]
                                        },
                                        "t": 3,
                                        "s": [
                                            0
                                        ],
                                        "e": [
                                            50
                                        ]
                                    },
                                    {
                                        "t": 9
                                    }
                                ],
                                "ix": 1
                            },
                            "e": {
                                "a": 1,
                                "k": [
                                    {
                                        "i": {
                                            "x": [
                                                0.667
                                            ],
                                            "y": [
                                                1
                                            ]
                                        },
                                        "o": {
                                            "x": [
                                                0.333
                                            ],
                                            "y": [
                                                0
                                            ]
                                        },
                                        "t": 3,
                                        "s": [
                                            100
                                        ],
                                        "e": [
                                            50
                                        ]
                                    },
                                    {
                                        "t": 9
                                    }
                                ],
                                "ix": 2
                            },
                            "o": {
                                "a": 0,
                                "k": 0,
                                "ix": 3
                            },
                            "m": 1,
                            "ix": 2,
                            "nm": "Trim Paths 1",
                            "mn": "ADBE Vector Filter - Trim",
                            "hd": false
                        },
                        {
                            "ty": "st",
                            "c": {
                                "a": 0,
                                "k": [
                                    0.007843137719,
                                    0.670588254929,
                                    0.752941191196,
                                    1
                                ],
                                "ix": 3
                            },
                            "o": {
                                "a": 0,
                                "k": 100,
                                "ix": 4
                            },
                            "w": {
                                "a": 0,
                                "k": 4,
                                "ix": 5
                            },
                            "lc": 1,
                            "lj": 1,
                            "ml": 10,
                            "bm": 0,
                            "nm": "Stroke 1",
                            "mn": "ADBE Vector Graphic - Stroke",
                            "hd": false
                        },
                        {
                            "ty": "tr",
                            "p": {
                                "a": 0,
                                "k": [
                                    0,
                                    0
                                ],
                                "ix": 2
                            },
                            "a": {
                                "a": 0,
                                "k": [
                                    0,
                                    0
                                ],
                                "ix": 1
                            },
                            "s": {
                                "a": 0,
                                "k": [
                                    100,
                                    100
                                ],
                                "ix": 3
                            },
                            "r": {
                                "a": 0,
                                "k": 0,
                                "ix": 6
                            },
                            "o": {
                                "a": 0,
                                "k": 100,
                                "ix": 7
                            },
                            "sk": {
                                "a": 0,
                                "k": 0,
                                "ix": 4
                            },
                            "sa": {
                                "a": 0,
                                "k": 0,
                                "ix": 5
                            },
                            "nm": "Transform"
                        }
                    ],
                    "nm": "Group 1",
                    "np": 3,
                    "cix": 2,
                    "bm": 0,
                    "ix": 1,
                    "mn": "ADBE Vector Group",
                    "hd": false
                }
            ],
            "ip": 0,
            "op": 11,
            "st": 0,
            "bm": 0
        }
    ],
    "markers": [
        {"tm": 0, "cm": "NormalToPressed_Start", "dr": 0},
        {"tm": 9, "cm": "NormalToPressed_End", "dr": 0},
        {"tm": 9, "cm": "PointerOverToPressed_Start", "dr": 0},
        {"tm": 19, "cm": "PointerOverToPressed_End", "dr": 0},
        {"tm": 20, "cm": "PressedToNormal_Start", "dr": 0},
        {"tm": 29, "cm": "PressedToNormal_End", "dr": 0},
        {"tm": 29, "cm": "PressedToPointerOver_Start", "dr": 0},
        {"tm": 30, "cm": "PressedToPointerOver_End", "dr": 0}  
      ]
}