{
    "v": "5.4.4",
    "fr": 24,
    "ip": 0,
    "op": 28,
    "w": 48,
    "h": 48,
    "nm": "add-cancel",
    "ddd": 0,
    "assets": [],
    "layers": [
        {
            "ddd": 0,
            "ind": 1,
            "ty": 4,
            "nm": "Plus-Cross",
            "sr": 1,
            "ks": {
                "o": {
                    "a": 0,
                    "k": 100,
                    "ix": 11
                },
                "r": {
                    "a": 1,
                    "k": [
                        {
                            "i": {
                                "x": [
                                    0.667
                                ],
                                "y": [
                                    1
                                ]
                            },
                            "o": {
                                "x": [
                                    0.333
                                ],
                                "y": [
                                    0
                                ]
                            },
                            "t": 3,
                            "s": [
                                0
                            ],
                            "e": [
                                -5
                            ]
                        },
                        {
                            "i": {
                                "x": [
                                    0.667
                                ],
                                "y": [
                                    1
                                ]
                            },
                            "o": {
                                "x": [
                                    0.333
                                ],
                                "y": [
                                    0
                                ]
                            },
                            "t": 5,
                            "s": [
                                -5
                            ],
                            "e": [
                                50
                            ]
                        },
                        {
                            "i": {
                                "x": [
                                    0.667
                                ],
                                "y": [
                                    1
                                ]
                            },
                            "o": {
                                "x": [
                                    0.333
                                ],
                                "y": [
                                    0
                                ]
                            },
                            "t": 9,
                            "s": [
                                50
                            ],
                            "e": [
                                45
                            ]
                        },
                        {
                            "i": {
                                "x": [
                                    0.667
                                ],
                                "y": [
                                    1
                                ]
                            },
                            "o": {
                                "x": [
                                    0.333
                                ],
                                "y": [
                                    0
                                ]
                            },
                            "t": 11,
                            "s": [
                                45
                            ],
                            "e": [
                                45
                            ]
                        },
                        {
                            "i": {
                                "x": [
                                    0.667
                                ],
                                "y": [
                                    1
                                ]
                            },
                            "o": {
                                "x": [
                                    0.333
                                ],
                                "y": [
                                    0
                                ]
                            },
                            "t": 17,
                            "s": [
                                45
                            ],
                            "e": [
                                40
                            ]
                        },
                        {
                            "i": {
                                "x": [
                                    0.667
                                ],
                                "y": [
                                    1
                                ]
                            },
                            "o": {
                                "x": [
                                    0.333
                                ],
                                "y": [
                                    0
                                ]
                            },
                            "t": 19,
                            "s": [
                                40
                            ],
                            "e": [
                                95
                            ]
                        },
                        {
                            "i": {
                                "x": [
                                    0.667
                                ],
                                "y": [
                                    1
                                ]
                            },
                            "o": {
                                "x": [
                                    0.333
                                ],
                                "y": [
                                    0
                                ]
                            },
                            "t": 23,
                            "s": [
                                95
                            ],
                            "e": [
                                90
                            ]
                        },
                        {
                            "t": 25
                        }
                    ],
                    "ix": 10
                },
                "p": {
                    "a": 0,
                    "k": [
                        24,
                        24,
                        0
                    ],
                    "ix": 2
                },
                "a": {
                    "a": 0,
                    "k": [
                        24,
                        24,
                        0
                    ],
                    "ix": 1
                },
                "s": {
                    "a": 0,
                    "k": [
                        100,
                        100,
                        100
                    ],
                    "ix": 6
                }
            },
            "ao": 0,
            "shapes": [
                {
                    "ty": "gr",
                    "it": [
                        {
                            "ind": 0,
                            "ty": "sh",
                            "ix": 1,
                            "ks": {
                                "a": 1,
                                "k": [
                                    {
                                        "i": {
                                            "x": 0.667,
                                            "y": 1
                                        },
                                        "o": {
                                            "x": 0.333,
                                            "y": 0
                                        },
                                        "t": 9,
                                        "s": [
                                            {
                                                "i": [
                                                    [
                                                        0,
                                                        0
                                                    ],
                                                    [
                                                        0,
                                                        0
                                                    ]
                                                ],
                                                "o": [
                                                    [
                                                        0,
                                                        0
                                                    ],
                                                    [
                                                        0,
                                                        0
                                                    ]
                                                ],
                                                "v": [
                                                    [
                                                        -13.789,
                                                        13.789
                                                    ],
                                                    [
                                                        13.789,
                                                        -13.789
                                                    ]
                                                ],
                                                "c": false
                                            }
                                        ],
                                        "e": [
                                            {
                                                "i": [
                                                    [
                                                        0,
                                                        0
                                                    ],
                                                    [
                                                        0,
                                                        0
                                                    ]
                                                ],
                                                "o": [
                                                    [
                                                        0,
                                                        0
                                                    ],
                                                    [
                                                        0,
                                                        0
                                                    ]
                                                ],
                                                "v": [
                                                    [
                                                        -13.402,
                                                        13.402
                                                    ],
                                                    [
                                                        13.402,
                                                        -13.402
                                                    ]
                                                ],
                                                "c": false
                                            }
                                        ]
                                    },
                                    {
                                        "i": {
                                            "x": 0.667,
                                            "y": 1
                                        },
                                        "o": {
                                            "x": 0.333,
                                            "y": 0
                                        },
                                        "t": 11,
                                        "s": [
                                            {
                                                "i": [
                                                    [
                                                        0,
                                                        0
                                                    ],
                                                    [
                                                        0,
                                                        0
                                                    ]
                                                ],
                                                "o": [
                                                    [
                                                        0,
                                                        0
                                                    ],
                                                    [
                                                        0,
                                                        0
                                                    ]
                                                ],
                                                "v": [
                                                    [
                                                        -13.402,
                                                        13.402
                                                    ],
                                                    [
                                                        13.402,
                                                        -13.402
                                                    ]
                                                ],
                                                "c": false
                                            }
                                        ],
                                        "e": [
                                            {
                                                "i": [
                                                    [
                                                        0,
                                                        0
                                                    ],
                                                    [
                                                        0,
                                                        0
                                                    ]
                                                ],
                                                "o": [
                                                    [
                                                        0,
                                                        0
                                                    ],
                                                    [
                                                        0,
                                                        0
                                                    ]
                                                ],
                                                "v": [
                                                    [
                                                        -13.402,
                                                        13.402
                                                    ],
                                                    [
                                                        13.402,
                                                        -13.402
                                                    ]
                                                ],
                                                "c": false
                                            }
                                        ]
                                    },
                                    {
                                        "i": {
                                            "x": 0.667,
                                            "y": 1
                                        },
                                        "o": {
                                            "x": 0.333,
                                            "y": 0
                                        },
                                        "t": 17,
                                        "s": [
                                            {
                                                "i": [
                                                    [
                                                        0,
                                                        0
                                                    ],
                                                    [
                                                        0,
                                                        0
                                                    ]
                                                ],
                                                "o": [
                                                    [
                                                        0,
                                                        0
                                                    ],
                                                    [
                                                        0,
                                                        0
                                                    ]
                                                ],
                                                "v": [
                                                    [
                                                        -13.402,
                                                        13.402
                                                    ],
                                                    [
                                                        13.402,
                                                        -13.402
                                                    ]
                                                ],
                                                "c": false
                                            }
                                        ],
                                        "e": [
                                            {
                                                "i": [
                                                    [
                                                        0,
                                                        0
                                                    ],
                                                    [
                                                        0,
                                                        0
                                                    ]
                                                ],
                                                "o": [
                                                    [
                                                        0,
                                                        0
                                                    ],
                                                    [
                                                        0,
                                                        0
                                                    ]
                                                ],
                                                "v": [
                                                    [
                                                        -13.789,
                                                        13.789
                                                    ],
                                                    [
                                                        13.789,
                                                        -13.789
                                                    ]
                                                ],
                                                "c": false
                                            }
                                        ]
                                    },
                                    {
                                        "t": 19
                                    }
                                ],
                                "ix": 2
                            },
                            "nm": "Path 1",
                            "mn": "ADBE Vector Shape - Group",
                            "hd": false
                        },
                        {
                            "ty": "st",
                            "c": {
                                "a": 1,
                                "k": [
                                    {
                                        "i": {
                                            "x": [
                                                0.667
                                            ],
                                            "y": [
                                                1
                                            ]
                                        },
                                        "o": {
                                            "x": [
                                                0.333
                                            ],
                                            "y": [
                                                0
                                            ]
                                        },
                                        "t": 5,
                                        "s": [
                                            0.957000014361,
                                            0.263000009574,
                                            0.211999990426,
                                            1
                                        ],
                                        "e": [
                                            0.262745098039,
                                            0.627450980392,
                                            0.278431372549,
                                            1
                                        ]
                                    },
                                    {
                                        "i": {
                                            "x": [
                                                0.667
                                            ],
                                            "y": [
                                                1
                                            ]
                                        },
                                        "o": {
                                            "x": [
                                                0.333
                                            ],
                                            "y": [
                                                0
                                            ]
                                        },
                                        "t": 9,
                                        "s": [
                                            0.262745098039,
                                            0.627450980392,
                                            0.278431372549,
                                            1
                                        ],
                                        "e": [
                                            0.262745098039,
                                            0.627450980392,
                                            0.278431372549,
                                            1
                                        ]
                                    },
                                    {
                                        "i": {
                                            "x": [
                                                0.667
                                            ],
                                            "y": [
                                                1
                                            ]
                                        },
                                        "o": {
                                            "x": [
                                                0.333
                                            ],
                                            "y": [
                                                0
                                            ]
                                        },
                                        "t": 19,
                                        "s": [
                                            0.262745098039,
                                            0.627450980392,
                                            0.278431372549,
                                            1
                                        ],
                                        "e": [
                                            0.957000014361,
                                            0.263000009574,
                                            0.211999990426,
                                            1
                                        ]
                                    },
                                    {
                                        "t": 23
                                    }
                                ],
                                "ix": 3
                            },
                            "o": {
                                "a": 0,
                                "k": 100,
                                "ix": 4
                            },
                            "w": {
                                "a": 1,
                                "k": [
                                    {
                                        "i": {
                                            "x": [
                                                0.667
                                            ],
                                            "y": [
                                                1
                                            ]
                                        },
                                        "o": {
                                            "x": [
                                                0.333
                                            ],
                                            "y": [
                                                0
                                            ]
                                        },
                                        "t": 5,
                                        "s": [
                                            5
                                        ],
                                        "e": [
                                            6
                                        ]
                                    },
                                    {
                                        "i": {
                                            "x": [
                                                0.667
                                            ],
                                            "y": [
                                                1
                                            ]
                                        },
                                        "o": {
                                            "x": [
                                                0.333
                                            ],
                                            "y": [
                                                0
                                            ]
                                        },
                                        "t": 9,
                                        "s": [
                                            6
                                        ],
                                        "e": [
                                            6
                                        ]
                                    },
                                    {
                                        "i": {
                                            "x": [
                                                0.667
                                            ],
                                            "y": [
                                                1
                                            ]
                                        },
                                        "o": {
                                            "x": [
                                                0.333
                                            ],
                                            "y": [
                                                0
                                            ]
                                        },
                                        "t": 19,
                                        "s": [
                                            6
                                        ],
                                        "e": [
                                            5
                                        ]
                                    },
                                    {
                                        "t": 23
                                    }
                                ],
                                "ix": 5
                            },
                            "lc": 1,
                            "lj": 1,
                            "ml": 10,
                            "bm": 0,
                            "nm": "Stroke 1",
                            "mn": "ADBE Vector Graphic - Stroke",
                            "hd": false
                        },
                        {
                            "ty": "tr",
                            "p": {
                                "a": 0,
                                "k": [
                                    23.999,
                                    24
                                ],
                                "ix": 2
                            },
                            "a": {
                                "a": 0,
                                "k": [
                                    0,
                                    0
                                ],
                                "ix": 1
                            },
                            "s": {
                                "a": 0,
                                "k": [
                                    100,
                                    100
                                ],
                                "ix": 3
                            },
                            "r": {
                                "a": 0,
                                "k": 0,
                                "ix": 6
                            },
                            "o": {
                                "a": 0,
                                "k": 100,
                                "ix": 7
                            },
                            "sk": {
                                "a": 0,
                                "k": 0,
                                "ix": 4
                            },
                            "sa": {
                                "a": 0,
                                "k": 0,
                                "ix": 5
                            },
                            "nm": "Transform"
                        }
                    ],
                    "nm": "Group 1",
                    "np": 2,
                    "cix": 2,
                    "bm": 0,
                    "ix": 1,
                    "mn": "ADBE Vector Group",
                    "hd": false
                },
                {
                    "ty": "gr",
                    "it": [
                        {
                            "ind": 0,
                            "ty": "sh",
                            "ix": 1,
                            "ks": {
                                "a": 1,
                                "k": [
                                    {
                                        "i": {
                                            "x": 0.667,
                                            "y": 1
                                        },
                                        "o": {
                                            "x": 0.333,
                                            "y": 0
                                        },
                                        "t": 9,
                                        "s": [
                                            {
                                                "i": [
                                                    [
                                                        0,
                                                        0
                                                    ],
                                                    [
                                                        0,
                                                        0
                                                    ]
                                                ],
                                                "o": [
                                                    [
                                                        0,
                                                        0
                                                    ],
                                                    [
                                                        0,
                                                        0
                                                    ]
                                                ],
                                                "v": [
                                                    [
                                                        13.789,
                                                        13.789
                                                    ],
                                                    [
                                                        -13.789,
                                                        -13.789
                                                    ]
                                                ],
                                                "c": false
                                            }
                                        ],
                                        "e": [
                                            {
                                                "i": [
                                                    [
                                                        0,
                                                        0
                                                    ],
                                                    [
                                                        0,
                                                        0
                                                    ]
                                                ],
                                                "o": [
                                                    [
                                                        0,
                                                        0
                                                    ],
                                                    [
                                                        0,
                                                        0
                                                    ]
                                                ],
                                                "v": [
                                                    [
                                                        13.412,
                                                        13.412
                                                    ],
                                                    [
                                                        -13.412,
                                                        -13.412
                                                    ]
                                                ],
                                                "c": false
                                            }
                                        ]
                                    },
                                    {
                                        "i": {
                                            "x": 0.667,
                                            "y": 1
                                        },
                                        "o": {
                                            "x": 0.333,
                                            "y": 0
                                        },
                                        "t": 11,
                                        "s": [
                                            {
                                                "i": [
                                                    [
                                                        0,
                                                        0
                                                    ],
                                                    [
                                                        0,
                                                        0
                                                    ]
                                                ],
                                                "o": [
                                                    [
                                                        0,
                                                        0
                                                    ],
                                                    [
                                                        0,
                                                        0
                                                    ]
                                                ],
                                                "v": [
                                                    [
                                                        13.412,
                                                        13.412
                                                    ],
                                                    [
                                                        -13.412,
                                                        -13.412
                                                    ]
                                                ],
                                                "c": false
                                            }
                                        ],
                                        "e": [
                                            {
                                                "i": [
                                                    [
                                                        0,
                                                        0
                                                    ],
                                                    [
                                                        0,
                                                        0
                                                    ]
                                                ],
                                                "o": [
                                                    [
                                                        0,
                                                        0
                                                    ],
                                                    [
                                                        0,
                                                        0
                                                    ]
                                                ],
                                                "v": [
                                                    [
                                                        13.412,
                                                        13.412
                                                    ],
                                                    [
                                                        -13.412,
                                                        -13.412
                                                    ]
                                                ],
                                                "c": false
                                            }
                                        ]
                                    },
                                    {
                                        "i": {
                                            "x": 0.667,
                                            "y": 1
                                        },
                                        "o": {
                                            "x": 0.333,
                                            "y": 0
                                        },
                                        "t": 17,
                                        "s": [
                                            {
                                                "i": [
                                                    [
                                                        0,
                                                        0
                                                    ],
                                                    [
                                                        0,
                                                        0
                                                    ]
                                                ],
                                                "o": [
                                                    [
                                                        0,
                                                        0
                                                    ],
                                                    [
                                                        0,
                                                        0
                                                    ]
                                                ],
                                                "v": [
                                                    [
                                                        13.412,
                                                        13.412
                                                    ],
                                                    [
                                                        -13.412,
                                                        -13.412
                                                    ]
                                                ],
                                                "c": false
                                            }
                                        ],
                                        "e": [
                                            {
                                                "i": [
                                                    [
                                                        0,
                                                        0
                                                    ],
                                                    [
                                                        0,
                                                        0
                                                    ]
                                                ],
                                                "o": [
                                                    [
                                                        0,
                                                        0
                                                    ],
                                                    [
                                                        0,
                                                        0
                                                    ]
                                                ],
                                                "v": [
                                                    [
                                                        13.789,
                                                        13.789
                                                    ],
                                                    [
                                                        -13.789,
                                                        -13.789
                                                    ]
                                                ],
                                                "c": false
                                            }
                                        ]
                                    },
                                    {
                                        "t": 19
                                    }
                                ],
                                "ix": 2
                            },
                            "nm": "Path 1",
                            "mn": "ADBE Vector Shape - Group",
                            "hd": false
                        },
                        {
                            "ty": "st",
                            "c": {
                                "a": 1,
                                "k": [
                                    {
                                        "i": {
                                            "x": [
                                                0.667
                                            ],
                                            "y": [
                                                1
                                            ]
                                        },
                                        "o": {
                                            "x": [
                                                0.333
                                            ],
                                            "y": [
                                                0
                                            ]
                                        },
                                        "t": 5,
                                        "s": [
                                            0.957000014361,
                                            0.263000009574,
                                            0.211999990426,
                                            1
                                        ],
                                        "e": [
                                            0.262745098039,
                                            0.627450980392,
                                            0.278431372549,
                                            1
                                        ]
                                    },
                                    {
                                        "i": {
                                            "x": [
                                                0.667
                                            ],
                                            "y": [
                                                1
                                            ]
                                        },
                                        "o": {
                                            "x": [
                                                0.333
                                            ],
                                            "y": [
                                                0
                                            ]
                                        },
                                        "t": 9,
                                        "s": [
                                            0.262745098039,
                                            0.627450980392,
                                            0.278431372549,
                                            1
                                        ],
                                        "e": [
                                            0.262745098039,
                                            0.627450980392,
                                            0.278431372549,
                                            1
                                        ]
                                    },
                                    {
                                        "i": {
                                            "x": [
                                                0.667
                                            ],
                                            "y": [
                                                1
                                            ]
                                        },
                                        "o": {
                                            "x": [
                                                0.333
                                            ],
                                            "y": [
                                                0
                                            ]
                                        },
                                        "t": 19,
                                        "s": [
                                            0.262745098039,
                                            0.627450980392,
                                            0.278431372549,
                                            1
                                        ],
                                        "e": [
                                            0.957000014361,
                                            0.263000009574,
                                            0.211999990426,
                                            1
                                        ]
                                    },
                                    {
                                        "t": 23
                                    }
                                ],
                                "ix": 3
                            },
                            "o": {
                                "a": 0,
                                "k": 100,
                                "ix": 4
                            },
                            "w": {
                                "a": 1,
                                "k": [
                                    {
                                        "i": {
                                            "x": [
                                                0.667
                                            ],
                                            "y": [
                                                1
                                            ]
                                        },
                                        "o": {
                                            "x": [
                                                0.333
                                            ],
                                            "y": [
                                                0
                                            ]
                                        },
                                        "t": 5,
                                        "s": [
                                            5
                                        ],
                                        "e": [
                                            6
                                        ]
                                    },
                                    {
                                        "i": {
                                            "x": [
                                                0.667
                                            ],
                                            "y": [
                                                1
                                            ]
                                        },
                                        "o": {
                                            "x": [
                                                0.333
                                            ],
                                            "y": [
                                                0
                                            ]
                                        },
                                        "t": 9,
                                        "s": [
                                            6
                                        ],
                                        "e": [
                                            6
                                        ]
                                    },
                                    {
                                        "i": {
                                            "x": [
                                                0.667
                                            ],
                                            "y": [
                                                1
                                            ]
                                        },
                                        "o": {
                                            "x": [
                                                0.333
                                            ],
                                            "y": [
                                                0
                                            ]
                                        },
                                        "t": 19,
                                        "s": [
                                            6
                                        ],
                                        "e": [
                                            5
                                        ]
                                    },
                                    {
                                        "t": 23
                                    }
                                ],
                                "ix": 5
                            },
                            "lc": 1,
                            "lj": 1,
                            "ml": 10,
                            "bm": 0,
                            "nm": "Stroke 1",
                            "mn": "ADBE Vector Graphic - Stroke",
                            "hd": false
                        },
                        {
                            "ty": "tr",
                            "p": {
                                "a": 0,
                                "k": [
                                    23.999,
                                    24
                                ],
                                "ix": 2
                            },
                            "a": {
                                "a": 0,
                                "k": [
                                    0,
                                    0
                                ],
                                "ix": 1
                            },
                            "s": {
                                "a": 0,
                                "k": [
                                    100,
                                    100
                                ],
                                "ix": 3
                            },
                            "r": {
                                "a": 0,
                                "k": 0,
                                "ix": 6
                            },
                            "o": {
                                "a": 0,
                                "k": 100,
                                "ix": 7
                            },
                            "sk": {
                                "a": 0,
                                "k": 0,
                                "ix": 4
                            },
                            "sa": {
                                "a": 0,
                                "k": 0,
                                "ix": 5
                            },
                            "nm": "Transform"
                        }
                    ],
                    "nm": "Group 2",
                    "np": 2,
                    "cix": 2,
                    "bm": 0,
                    "ix": 2,
                    "mn": "ADBE Vector Group",
                    "hd": false
                }
            ],
            "ip": 0,
            "op": 28,
            "st": 0,
            "bm": 0
        }
    ],
   "markers": [
        {"tm": 0, "cm": "NormalToPressed_Start", "dr": 0},
        {"tm": 9, "cm": "NormalToPressed_End", "dr": 0},
        {"tm": 9, "cm": "PointerOverToPressed_Start", "dr": 0},
        {"tm": 19, "cm": "PointerOverToPressed_End", "dr": 0},
        {"tm": 20, "cm": "PressedToNormal_Start", "dr": 0},
        {"tm": 29, "cm": "PressedToNormal_End", "dr": 0},
        {"tm": 29, "cm": "PressedToPointerOver_Start", "dr": 0},
        {"tm": 30, "cm": "PressedToPointerOver_End", "dr": 0}  
      ]
}