{
    "v": "5.6.5",
    "fr": 24,
    "ip": 0,
    "op": 28,
    "w": 48,
    "h": 48,
    "nm": "install",
    "ddd": 0,
    "assets": [],
    "layers": [
        {
            "ddd": 0,
            "ind": 1,
            "ty": 4,
            "nm": "Loading  Mask",
            "td": 1,
            "sr": 1,
            "ks": {
                "o": {
                    "a": 0,
                    "k": 100,
                    "ix": 11
                },
                "r": {
                    "a": 0,
                    "k": 0,
                    "ix": 10
                },
                "p": {
                    "a": 0,
                    "k": [
                        24,
                        41,
                        0
                    ],
                    "ix": 2
                },
                "a": {
                    "a": 0,
                    "k": [
                        18.25,
                        2.25,
                        0
                    ],
                    "ix": 1
                },
                "s": {
                    "a": 0,
                    "k": [
                        100,
                        100,
                        100
                    ],
                    "ix": 6
                }
            },
            "ao": 0,
            "shapes": [
                {
                    "ty": "gr",
                    "it": [
                        {
                            "ind": 0,
                            "ty": "sh",
                            "ix": 1,
                            "ks": {
                                "a": 0,
                                "k": {
                                    "i": [
                                        [
                                            0,
                                            0
                                        ],
                                        [
                                            0,
                                            0
                                        ],
                                        [
                                            0,
                                            0
                                        ],
                                        [
                                            0,
                                            0
                                        ]
                                    ],
                                    "o": [
                                        [
                                            0,
                                            0
                                        ],
                                        [
                                            0,
                                            0
                                        ],
                                        [
                                            0,
                                            0
                                        ],
                                        [
                                            0,
                                            0
                                        ]
                                    ],
                                    "v": [
                                        [
                                            -18,
                                            -2
                                        ],
                                        [
                                            18,
                                            -2
                                        ],
                                        [
                                            18,
                                            2
                                        ],
                                        [
                                            -18,
                                            2
                                        ]
                                    ],
                                    "c": true
                                },
                                "ix": 2
                            },
                            "nm": "Path 1",
                            "mn": "ADBE Vector Shape - Group",
                            "hd": false
                        },
                        {
                            "ty": "fl",
                            "c": {
                                "a": 0,
                                "k": [
                                    0.811999990426,
                                    0.847000002394,
                                    0.862999949736,
                                    1
                                ],
                                "ix": 4
                            },
                            "o": {
                                "a": 0,
                                "k": 100,
                                "ix": 5
                            },
                            "r": 1,
                            "bm": 0,
                            "nm": "Fill 1",
                            "mn": "ADBE Vector Graphic - Fill",
                            "hd": false
                        },
                        {
                            "ty": "tr",
                            "p": {
                                "a": 0,
                                "k": [
                                    18.25,
                                    2.25
                                ],
                                "ix": 2
                            },
                            "a": {
                                "a": 0,
                                "k": [
                                    0,
                                    0
                                ],
                                "ix": 1
                            },
                            "s": {
                                "a": 0,
                                "k": [
                                    100,
                                    100
                                ],
                                "ix": 3
                            },
                            "r": {
                                "a": 0,
                                "k": 0,
                                "ix": 6
                            },
                            "o": {
                                "a": 0,
                                "k": 100,
                                "ix": 7
                            },
                            "sk": {
                                "a": 0,
                                "k": 0,
                                "ix": 4
                            },
                            "sa": {
                                "a": 0,
                                "k": 0,
                                "ix": 5
                            },
                            "nm": "Transform"
                        }
                    ],
                    "nm": "Group 1",
                    "np": 2,
                    "cix": 2,
                    "bm": 0,
                    "ix": 1,
                    "mn": "ADBE Vector Group",
                    "hd": false
                }
            ],
            "ip": 0,
            "op": 28,
            "st": 0,
            "bm": 0
        },
        {
            "ddd": 0,
            "ind": 2,
            "ty": 4,
            "nm": "Loading ",
            "tt": 1,
            "sr": 1,
            "ks": {
                "o": {
                    "a": 1,
                    "k": [
                        {
                            "i": {
                                "x": [
                                    0.667
                                ],
                                "y": [
                                    1
                                ]
                            },
                            "o": {
                                "x": [
                                    0.333
                                ],
                                "y": [
                                    0
                                ]
                            },
                            "t": 21,
                            "s": [
                                100
                            ]
                        },
                        {
                            "t": 25,
                            "s": [
                                0
                            ]
                        }
                    ],
                    "ix": 11
                },
                "r": {
                    "a": 0,
                    "k": 0,
                    "ix": 10
                },
                "p": {
                    "a": 0,
                    "k": [
                        5.762,
                        41,
                        0
                    ],
                    "ix": 2
                },
                "a": {
                    "a": 0,
                    "k": [
                        0.25,
                        2.864,
                        0
                    ],
                    "ix": 1
                },
                "s": {
                    "a": 1,
                    "k": [
                        {
                            "i": {
                                "x": [
                                    0.667,
                                    0.667,
                                    0.667
                                ],
                                "y": [
                                    1,
                                    1,
                                    1
                                ]
                            },
                            "o": {
                                "x": [
                                    0.333,
                                    0.333,
                                    0.333
                                ],
                                "y": [
                                    0,
                                    0,
                                    0
                                ]
                            },
                            "t": 3,
                            "s": [
                                0,
                                100,
                                100
                            ]
                        },
                        {
                            "t": 16,
                            "s": [
                                100,
                                100,
                                100
                            ]
                        }
                    ],
                    "ix": 6
                }
            },
            "ao": 0,
            "shapes": [
                {
                    "ty": "gr",
                    "it": [
                        {
                            "ind": 0,
                            "ty": "sh",
                            "ix": 1,
                            "ks": {
                                "a": 0,
                                "k": {
                                    "i": [
                                        [
                                            0,
                                            0
                                        ],
                                        [
                                            0,
                                            0
                                        ],
                                        [
                                            0,
                                            0
                                        ],
                                        [
                                            0,
                                            0
                                        ]
                                    ],
                                    "o": [
                                        [
                                            0,
                                            0
                                        ],
                                        [
                                            0,
                                            0
                                        ],
                                        [
                                            0,
                                            0
                                        ],
                                        [
                                            0,
                                            0
                                        ]
                                    ],
                                    "v": [
                                        [
                                            -18.335,
                                            -2.615
                                        ],
                                        [
                                            18.335,
                                            -2.615
                                        ],
                                        [
                                            18.335,
                                            2.615
                                        ],
                                        [
                                            -18.335,
                                            2.615
                                        ]
                                    ],
                                    "c": true
                                },
                                "ix": 2
                            },
                            "nm": "Path 1",
                            "mn": "ADBE Vector Shape - Group",
                            "hd": false
                        },
                        {
                            "ty": "fl",
                            "c": {
                                "a": 0,
                                "k": [
                                    0.180000005984,
                                    0.490000017952,
                                    0.195999998205,
                                    1
                                ],
                                "ix": 4
                            },
                            "o": {
                                "a": 0,
                                "k": 100,
                                "ix": 5
                            },
                            "r": 1,
                            "bm": 0,
                            "nm": "Fill 1",
                            "mn": "ADBE Vector Graphic - Fill",
                            "hd": false
                        },
                        {
                            "ty": "tr",
                            "p": {
                                "a": 0,
                                "k": [
                                    18.585,
                                    2.864
                                ],
                                "ix": 2
                            },
                            "a": {
                                "a": 0,
                                "k": [
                                    0,
                                    0
                                ],
                                "ix": 1
                            },
                            "s": {
                                "a": 0,
                                "k": [
                                    100,
                                    100
                                ],
                                "ix": 3
                            },
                            "r": {
                                "a": 0,
                                "k": 0,
                                "ix": 6
                            },
                            "o": {
                                "a": 0,
                                "k": 100,
                                "ix": 7
                            },
                            "sk": {
                                "a": 0,
                                "k": 0,
                                "ix": 4
                            },
                            "sa": {
                                "a": 0,
                                "k": 0,
                                "ix": 5
                            },
                            "nm": "Transform"
                        }
                    ],
                    "nm": "Group 1",
                    "np": 2,
                    "cix": 2,
                    "bm": 0,
                    "ix": 1,
                    "mn": "ADBE Vector Group",
                    "hd": false
                }
            ],
            "ip": 0,
            "op": 28,
            "st": 0,
            "bm": 0
        },
        {
            "ddd": 0,
            "ind": 3,
            "ty": 4,
            "nm": "Bar ",
            "sr": 1,
            "ks": {
                "o": {
                    "a": 0,
                    "k": 100,
                    "ix": 11
                },
                "r": {
                    "a": 0,
                    "k": 0,
                    "ix": 10
                },
                "p": {
                    "a": 0,
                    "k": [
                        24,
                        41,
                        0
                    ],
                    "ix": 2
                },
                "a": {
                    "a": 0,
                    "k": [
                        18.25,
                        2.25,
                        0
                    ],
                    "ix": 1
                },
                "s": {
                    "a": 0,
                    "k": [
                        100,
                        100,
                        100
                    ],
                    "ix": 6
                }
            },
            "ao": 0,
            "shapes": [
                {
                    "ty": "gr",
                    "it": [
                        {
                            "ind": 0,
                            "ty": "sh",
                            "ix": 1,
                            "ks": {
                                "a": 0,
                                "k": {
                                    "i": [
                                        [
                                            0,
                                            0
                                        ],
                                        [
                                            0,
                                            0
                                        ],
                                        [
                                            0,
                                            0
                                        ],
                                        [
                                            0,
                                            0
                                        ]
                                    ],
                                    "o": [
                                        [
                                            0,
                                            0
                                        ],
                                        [
                                            0,
                                            0
                                        ],
                                        [
                                            0,
                                            0
                                        ],
                                        [
                                            0,
                                            0
                                        ]
                                    ],
                                    "v": [
                                        [
                                            -18,
                                            -2
                                        ],
                                        [
                                            18,
                                            -2
                                        ],
                                        [
                                            18,
                                            2
                                        ],
                                        [
                                            -18,
                                            2
                                        ]
                                    ],
                                    "c": true
                                },
                                "ix": 2
                            },
                            "nm": "Path 1",
                            "mn": "ADBE Vector Shape - Group",
                            "hd": false
                        },
                        {
                            "ty": "fl",
                            "c": {
                                "a": 0,
                                "k": [
                                    0.811999990426,
                                    0.847000002394,
                                    0.862999949736,
                                    1
                                ],
                                "ix": 4
                            },
                            "o": {
                                "a": 0,
                                "k": 100,
                                "ix": 5
                            },
                            "r": 1,
                            "bm": 0,
                            "nm": "Fill 1",
                            "mn": "ADBE Vector Graphic - Fill",
                            "hd": false
                        },
                        {
                            "ty": "tr",
                            "p": {
                                "a": 0,
                                "k": [
                                    18.25,
                                    2.25
                                ],
                                "ix": 2
                            },
                            "a": {
                                "a": 0,
                                "k": [
                                    0,
                                    0
                                ],
                                "ix": 1
                            },
                            "s": {
                                "a": 0,
                                "k": [
                                    100,
                                    100
                                ],
                                "ix": 3
                            },
                            "r": {
                                "a": 0,
                                "k": 0,
                                "ix": 6
                            },
                            "o": {
                                "a": 0,
                                "k": 100,
                                "ix": 7
                            },
                            "sk": {
                                "a": 0,
                                "k": 0,
                                "ix": 4
                            },
                            "sa": {
                                "a": 0,
                                "k": 0,
                                "ix": 5
                            },
                            "nm": "Transform"
                        }
                    ],
                    "nm": "Group 1",
                    "np": 2,
                    "cix": 2,
                    "bm": 0,
                    "ix": 1,
                    "mn": "ADBE Vector Group",
                    "hd": false
                }
            ],
            "ip": 0,
            "op": 28,
            "st": 0,
            "bm": 0
        },
        {
            "ddd": 0,
            "ind": 4,
            "ty": 4,
            "nm": "Gear ",
            "sr": 1,
            "ks": {
                "o": {
                    "a": 0,
                    "k": 100,
                    "ix": 11
                },
                "r": {
                    "a": 1,
                    "k": [
                        {
                            "i": {
                                "x": [
                                    0.833
                                ],
                                "y": [
                                    0.833
                                ]
                            },
                            "o": {
                                "x": [
                                    0.167
                                ],
                                "y": [
                                    0.167
                                ]
                            },
                            "t": 0,
                            "s": [
                                0
                            ]
                        },
                        {
                            "t": 28,
                            "s": [
                                180
                            ]
                        }
                    ],
                    "ix": 10
                },
                "p": {
                    "a": 0,
                    "k": [
                        24,
                        20,
                        0
                    ],
                    "ix": 2
                },
                "a": {
                    "a": 0,
                    "k": [
                        15.347,
                        15.25,
                        0
                    ],
                    "ix": 1
                },
                "s": {
                    "a": 0,
                    "k": [
                        100,
                        100,
                        100
                    ],
                    "ix": 6
                }
            },
            "ao": 0,
            "shapes": [
                {
                    "ty": "gr",
                    "it": [
                        {
                            "ind": 0,
                            "ty": "sh",
                            "ix": 1,
                            "ks": {
                                "a": 0,
                                "k": {
                                    "i": [
                                        [
                                            0,
                                            -2.762
                                        ],
                                        [
                                            2.762,
                                            0
                                        ],
                                        [
                                            0,
                                            2.762
                                        ],
                                        [
                                            -2.761,
                                            0
                                        ]
                                    ],
                                    "o": [
                                        [
                                            0,
                                            2.762
                                        ],
                                        [
                                            -2.761,
                                            0
                                        ],
                                        [
                                            0,
                                            -2.762
                                        ],
                                        [
                                            2.762,
                                            0
                                        ]
                                    ],
                                    "v": [
                                        [
                                            5,
                                            0
                                        ],
                                        [
                                            0,
                                            5
                                        ],
                                        [
                                            -5,
                                            0
                                        ],
                                        [
                                            0,
                                            -5
                                        ]
                                    ],
                                    "c": true
                                },
                                "ix": 2
                            },
                            "nm": "Path 1",
                            "mn": "ADBE Vector Shape - Group",
                            "hd": false
                        },
                        {
                            "ind": 1,
                            "ty": "sh",
                            "ix": 2,
                            "ks": {
                                "a": 0,
                                "k": {
                                    "i": [
                                        [
                                            0,
                                            0
                                        ],
                                        [
                                            0,
                                            0.416
                                        ],
                                        [
                                            0.045,
                                            0.406
                                        ],
                                        [
                                            0,
                                            0
                                        ],
                                        [
                                            0.205,
                                            0.338
                                        ],
                                        [
                                            0,
                                            0
                                        ],
                                        [
                                            0.361,
                                            -0.151
                                        ],
                                        [
                                            0,
                                            0
                                        ],
                                        [
                                            0.847,
                                            0.367
                                        ],
                                        [
                                            0,
                                            0
                                        ],
                                        [
                                            0.398,
                                            0
                                        ],
                                        [
                                            0,
                                            0
                                        ],
                                        [
                                            0.043,
                                            -0.384
                                        ],
                                        [
                                            0,
                                            0
                                        ],
                                        [
                                            0.725,
                                            -0.562
                                        ],
                                        [
                                            0,
                                            0
                                        ],
                                        [
                                            0.195,
                                            -0.337
                                        ],
                                        [
                                            0,
                                            0
                                        ],
                                        [
                                            -0.327,
                                            -0.233
                                        ],
                                        [
                                            0,
                                            0
                                        ],
                                        [
                                            0,
                                            -0.429
                                        ],
                                        [
                                            -0.045,
                                            -0.405
                                        ],
                                        [
                                            0,
                                            0
                                        ],
                                        [
                                            -0.204,
                                            -0.338
                                        ],
                                        [
                                            0,
                                            0
                                        ],
                                        [
                                            -0.359,
                                            0.152
                                        ],
                                        [
                                            0,
                                            0
                                        ],
                                        [
                                            -0.843,
                                            -0.366
                                        ],
                                        [
                                            0,
                                            0
                                        ],
                                        [
                                            -0.398,
                                            0
                                        ],
                                        [
                                            0,
                                            0
                                        ],
                                        [
                                            -0.043,
                                            0.385
                                        ],
                                        [
                                            0,
                                            0
                                        ],
                                        [
                                            -0.73,
                                            0.564
                                        ],
                                        [
                                            0,
                                            0
                                        ],
                                        [
                                            -0.193,
                                            0.337
                                        ],
                                        [
                                            0,
                                            0
                                        ],
                                        [
                                            0.326,
                                            0.234
                                        ]
                                    ],
                                    "o": [
                                        [
                                            0.045,
                                            -0.404
                                        ],
                                        [
                                            0,
                                            -0.418
                                        ],
                                        [
                                            0,
                                            0
                                        ],
                                        [
                                            0.326,
                                            -0.233
                                        ],
                                        [
                                            0,
                                            0
                                        ],
                                        [
                                            -0.193,
                                            -0.338
                                        ],
                                        [
                                            0,
                                            0
                                        ],
                                        [
                                            -0.721,
                                            -0.559
                                        ],
                                        [
                                            0,
                                            0
                                        ],
                                        [
                                            -0.044,
                                            -0.385
                                        ],
                                        [
                                            0,
                                            0
                                        ],
                                        [
                                            -0.397,
                                            0
                                        ],
                                        [
                                            0,
                                            0
                                        ],
                                        [
                                            -0.853,
                                            0.369
                                        ],
                                        [
                                            0,
                                            0
                                        ],
                                        [
                                            -0.359,
                                            -0.15
                                        ],
                                        [
                                            0,
                                            0
                                        ],
                                        [
                                            -0.204,
                                            0.338
                                        ],
                                        [
                                            0,
                                            0
                                        ],
                                        [
                                            -0.047,
                                            0.417
                                        ],
                                        [
                                            0,
                                            0.418
                                        ],
                                        [
                                            0,
                                            0
                                        ],
                                        [
                                            -0.327,
                                            0.234
                                        ],
                                        [
                                            0,
                                            0
                                        ],
                                        [
                                            0.195,
                                            0.338
                                        ],
                                        [
                                            0,
                                            0
                                        ],
                                        [
                                            0.718,
                                            0.554
                                        ],
                                        [
                                            0,
                                            0
                                        ],
                                        [
                                            0.043,
                                            0.386
                                        ],
                                        [
                                            0,
                                            0
                                        ],
                                        [
                                            0.397,
                                            0
                                        ],
                                        [
                                            0,
                                            0
                                        ],
                                        [
                                            0.859,
                                            -0.369
                                        ],
                                        [
                                            0,
                                            0
                                        ],
                                        [
                                            0.361,
                                            0.151
                                        ],
                                        [
                                            0,
                                            0
                                        ],
                                        [
                                            0.205,
                                            -0.338
                                        ],
                                        [
                                            0,
                                            0
                                        ]
                                    ],
                                    "v": [
                                        [
                                            10.928,
                                            1.229
                                        ],
                                        [
                                            11,
                                            0
                                        ],
                                        [
                                            10.927,
                                            -1.234
                                        ],
                                        [
                                            14.676,
                                            -3.851
                                        ],
                                        [
                                            14.892,
                                            -4.841
                                        ],
                                        [
                                            11.746,
                                            -10.157
                                        ],
                                        [
                                            10.767,
                                            -10.471
                                        ],
                                        [
                                            6.712,
                                            -8.7
                                        ],
                                        [
                                            4.355,
                                            -10.1
                                        ],
                                        [
                                            3.918,
                                            -14.322
                                        ],
                                        [
                                            3.146,
                                            -15
                                        ],
                                        [
                                            -3.147,
                                            -15
                                        ],
                                        [
                                            -3.919,
                                            -14.323
                                        ],
                                        [
                                            -4.358,
                                            -10.1
                                        ],
                                        [
                                            -6.728,
                                            -8.69
                                        ],
                                        [
                                            -10.768,
                                            -10.473
                                        ],
                                        [
                                            -11.747,
                                            -10.159
                                        ],
                                        [
                                            -14.893,
                                            -4.843
                                        ],
                                        [
                                            -14.676,
                                            -3.853
                                        ],
                                        [
                                            -10.922,
                                            -1.267
                                        ],
                                        [
                                            -11,
                                            0
                                        ],
                                        [
                                            -10.927,
                                            1.232
                                        ],
                                        [
                                            -14.676,
                                            3.851
                                        ],
                                        [
                                            -14.893,
                                            4.841
                                        ],
                                        [
                                            -11.747,
                                            10.157
                                        ],
                                        [
                                            -10.768,
                                            10.471
                                        ],
                                        [
                                            -6.709,
                                            8.702
                                        ],
                                        [
                                            -4.365,
                                            10.094
                                        ],
                                        [
                                            -3.919,
                                            14.323
                                        ],
                                        [
                                            -3.146,
                                            15
                                        ],
                                        [
                                            3.147,
                                            15
                                        ],
                                        [
                                            3.918,
                                            14.324
                                        ],
                                        [
                                            4.345,
                                            10.105
                                        ],
                                        [
                                            6.73,
                                            8.689
                                        ],
                                        [
                                            10.767,
                                            10.472
                                        ],
                                        [
                                            11.746,
                                            10.158
                                        ],
                                        [
                                            14.892,
                                            4.842
                                        ],
                                        [
                                            14.676,
                                            3.852
                                        ]
                                    ],
                                    "c": true
                                },
                                "ix": 2
                            },
                            "nm": "Path 2",
                            "mn": "ADBE Vector Shape - Group",
                            "hd": false
                        },
                        {
                            "ty": "mm",
                            "mm": 1,
                            "nm": "Merge Paths 1",
                            "mn": "ADBE Vector Filter - Merge",
                            "hd": false
                        },
                        {
                            "ty": "fl",
                            "c": {
                                "a": 0,
                                "k": [
                                    0.486000001197,
                                    0.702000038297,
                                    0.258999992819,
                                    1
                                ],
                                "ix": 4
                            },
                            "o": {
                                "a": 0,
                                "k": 100,
                                "ix": 5
                            },
                            "r": 1,
                            "bm": 0,
                            "nm": "Fill 1",
                            "mn": "ADBE Vector Graphic - Fill",
                            "hd": false
                        },
                        {
                            "ty": "tr",
                            "p": {
                                "a": 0,
                                "k": [
                                    15.347,
                                    15.25
                                ],
                                "ix": 2
                            },
                            "a": {
                                "a": 0,
                                "k": [
                                    0,
                                    0
                                ],
                                "ix": 1
                            },
                            "s": {
                                "a": 0,
                                "k": [
                                    100,
                                    100
                                ],
                                "ix": 3
                            },
                            "r": {
                                "a": 0,
                                "k": 0,
                                "ix": 6
                            },
                            "o": {
                                "a": 0,
                                "k": 100,
                                "ix": 7
                            },
                            "sk": {
                                "a": 0,
                                "k": 0,
                                "ix": 4
                            },
                            "sa": {
                                "a": 0,
                                "k": 0,
                                "ix": 5
                            },
                            "nm": "Transform"
                        }
                    ],
                    "nm": "Group 1",
                    "np": 4,
                    "cix": 2,
                    "bm": 0,
                    "ix": 1,
                    "mn": "ADBE Vector Group",
                    "hd": false
                }
            ],
            "ip": 0,
            "op": 28,
            "st": 0,
            "bm": 0
        }
    ],
    "markers": [
        {"tm": 0, "cm": "NormalToPressed_Start", "dr": 0},
        {"tm": 9, "cm": "NormalToPressed_End", "dr": 0},
        {"tm": 9, "cm": "PointerOverToPressed_Start", "dr": 0},
        {"tm": 19, "cm": "PointerOverToPressed_End", "dr": 0},
        {"tm": 20, "cm": "PressedToNormal_Start", "dr": 0},
        {"tm": 29, "cm": "PressedToNormal_End", "dr": 0},
        {"tm": 29, "cm": "PressedToPointerOver_Start", "dr": 0},
        {"tm": 30, "cm": "PressedToPointerOver_End", "dr": 0}  
      ]
}