{
    "v": "5.9.6",
    "fr": 24,
    "ip": 0,
    "op": 28,
    "w": 48,
    "h": 48,
    "nm": "documents-2",
    "ddd": 0,
    "assets": [],
    "layers": [
        {
            "ddd": 0,
            "ind": 1,
            "ty": 4,
            "nm": "text",
            "parent": 4,
            "sr": 1,
            "ks": {
                "o": {
                    "a": 0,
                    "k": 100,
                    "ix": 11
                },
                "r": {
                    "a": 0,
                    "k": 0,
                    "ix": 10
                },
                "p": {
                    "a": 0,
                    "k": [
                        16.25,
                        20.25,
                        0
                    ],
                    "ix": 2,
                    "l": 2
                },
                "a": {
                    "a": 0,
                    "k": [
                        16.25,
                        20.25,
                        0
                    ],
                    "ix": 1,
                    "l": 2
                },
                "s": {
                    "a": 0,
                    "k": [
                        100,
                        100,
                        100
                    ],
                    "ix": 6,
                    "l": 2
                }
            },
            "ao": 0,
            "shapes": [
                {
                    "ty": "gr",
                    "it": [
                        {
                            "ind": 0,
                            "ty": "sh",
                            "ix": 1,
                            "ks": {
                                "a": 1,
                                "k": [
                                    {
                                        "i": {
                                            "x": 0.667,
                                            "y": 1
                                        },
                                        "o": {
                                            "x": 0.333,
                                            "y": 0
                                        },
                                        "t": 6,
                                        "s": [
                                            {
                                                "i": [
                                                    [
                                                        0,
                                                        0
                                                    ],
                                                    [
                                                        0,
                                                        0
                                                    ],
                                                    [
                                                        0,
                                                        0
                                                    ],
                                                    [
                                                        0,
                                                        0
                                                    ]
                                                ],
                                                "o": [
                                                    [
                                                        0,
                                                        0
                                                    ],
                                                    [
                                                        0,
                                                        0
                                                    ],
                                                    [
                                                        0,
                                                        0
                                                    ],
                                                    [
                                                        0,
                                                        0
                                                    ]
                                                ],
                                                "v": [
                                                    [
                                                        -9,
                                                        -2
                                                    ],
                                                    [
                                                        9,
                                                        -2
                                                    ],
                                                    [
                                                        9,
                                                        2
                                                    ],
                                                    [
                                                        -9,
                                                        2
                                                    ]
                                                ],
                                                "c": true
                                            }
                                        ]
                                    },
                                    {
                                        "i": {
                                            "x": 0.667,
                                            "y": 1
                                        },
                                        "o": {
                                            "x": 0.167,
                                            "y": 0
                                        },
                                        "t": 14,
                                        "s": [
                                            {
                                                "i": [
                                                    [
                                                        0,
                                                        0
                                                    ],
                                                    [
                                                        0,
                                                        0
                                                    ],
                                                    [
                                                        0,
                                                        0
                                                    ],
                                                    [
                                                        0,
                                                        0
                                                    ]
                                                ],
                                                "o": [
                                                    [
                                                        0,
                                                        0
                                                    ],
                                                    [
                                                        0,
                                                        0
                                                    ],
                                                    [
                                                        0,
                                                        0
                                                    ],
                                                    [
                                                        0,
                                                        0
                                                    ]
                                                ],
                                                "v": [
                                                    [
                                                        -9,
                                                        -2
                                                    ],
                                                    [
                                                        -9,
                                                        -2
                                                    ],
                                                    [
                                                        -9,
                                                        2
                                                    ],
                                                    [
                                                        -9,
                                                        2
                                                    ]
                                                ],
                                                "c": true
                                            }
                                        ]
                                    },
                                    {
                                        "i": {
                                            "x": 0.667,
                                            "y": 1
                                        },
                                        "o": {
                                            "x": 0.333,
                                            "y": 0
                                        },
                                        "t": 18,
                                        "s": [
                                            {
                                                "i": [
                                                    [
                                                        0,
                                                        0
                                                    ],
                                                    [
                                                        0,
                                                        0
                                                    ],
                                                    [
                                                        0,
                                                        0
                                                    ],
                                                    [
                                                        0,
                                                        0
                                                    ]
                                                ],
                                                "o": [
                                                    [
                                                        0,
                                                        0
                                                    ],
                                                    [
                                                        0,
                                                        0
                                                    ],
                                                    [
                                                        0,
                                                        0
                                                    ],
                                                    [
                                                        0,
                                                        0
                                                    ]
                                                ],
                                                "v": [
                                                    [
                                                        -9,
                                                        -2
                                                    ],
                                                    [
                                                        -9,
                                                        -2
                                                    ],
                                                    [
                                                        -9,
                                                        2
                                                    ],
                                                    [
                                                        -9,
                                                        2
                                                    ]
                                                ],
                                                "c": true
                                            }
                                        ]
                                    },
                                    {
                                        "t": 27,
                                        "s": [
                                            {
                                                "i": [
                                                    [
                                                        0,
                                                        0
                                                    ],
                                                    [
                                                        0,
                                                        0
                                                    ],
                                                    [
                                                        0,
                                                        0
                                                    ],
                                                    [
                                                        0,
                                                        0
                                                    ]
                                                ],
                                                "o": [
                                                    [
                                                        0,
                                                        0
                                                    ],
                                                    [
                                                        0,
                                                        0
                                                    ],
                                                    [
                                                        0,
                                                        0
                                                    ],
                                                    [
                                                        0,
                                                        0
                                                    ]
                                                ],
                                                "v": [
                                                    [
                                                        -9,
                                                        -2
                                                    ],
                                                    [
                                                        9,
                                                        -2
                                                    ],
                                                    [
                                                        9,
                                                        2
                                                    ],
                                                    [
                                                        -9,
                                                        2
                                                    ]
                                                ],
                                                "c": true
                                            }
                                        ]
                                    }
                                ],
                                "ix": 2
                            },
                            "nm": "Path 1",
                            "mn": "ADBE Vector Shape - Group",
                            "hd": false
                        },
                        {
                            "ty": "fl",
                            "c": {
                                "a": 0,
                                "k": [
                                    0.239215701234,
                                    0.850980451995,
                                    0.921568687289,
                                    1
                                ],
                                "ix": 4
                            },
                            "o": {
                                "a": 0,
                                "k": 100,
                                "ix": 5
                            },
                            "r": 1,
                            "bm": 0,
                            "nm": "Fill 1",
                            "mn": "ADBE Vector Graphic - Fill",
                            "hd": false
                        },
                        {
                            "ty": "tr",
                            "p": {
                                "a": 0,
                                "k": [
                                    16.25,
                                    28.25
                                ],
                                "ix": 2
                            },
                            "a": {
                                "a": 0,
                                "k": [
                                    0,
                                    0
                                ],
                                "ix": 1
                            },
                            "s": {
                                "a": 0,
                                "k": [
                                    100,
                                    100
                                ],
                                "ix": 3
                            },
                            "r": {
                                "a": 0,
                                "k": 0,
                                "ix": 6
                            },
                            "o": {
                                "a": 0,
                                "k": 100,
                                "ix": 7
                            },
                            "sk": {
                                "a": 0,
                                "k": 0,
                                "ix": 4
                            },
                            "sa": {
                                "a": 0,
                                "k": 0,
                                "ix": 5
                            },
                            "nm": "Transform"
                        }
                    ],
                    "nm": "Group 1",
                    "np": 2,
                    "cix": 2,
                    "bm": 0,
                    "ix": 1,
                    "mn": "ADBE Vector Group",
                    "hd": false
                },
                {
                    "ty": "gr",
                    "it": [
                        {
                            "ind": 0,
                            "ty": "sh",
                            "ix": 1,
                            "ks": {
                                "a": 1,
                                "k": [
                                    {
                                        "i": {
                                            "x": 0.667,
                                            "y": 1
                                        },
                                        "o": {
                                            "x": 0.333,
                                            "y": 0
                                        },
                                        "t": 5,
                                        "s": [
                                            {
                                                "i": [
                                                    [
                                                        0,
                                                        0
                                                    ],
                                                    [
                                                        0,
                                                        0
                                                    ],
                                                    [
                                                        0,
                                                        0
                                                    ],
                                                    [
                                                        0,
                                                        0
                                                    ]
                                                ],
                                                "o": [
                                                    [
                                                        0,
                                                        0
                                                    ],
                                                    [
                                                        0,
                                                        0
                                                    ],
                                                    [
                                                        0,
                                                        0
                                                    ],
                                                    [
                                                        0,
                                                        0
                                                    ]
                                                ],
                                                "v": [
                                                    [
                                                        -9,
                                                        -2
                                                    ],
                                                    [
                                                        9,
                                                        -2
                                                    ],
                                                    [
                                                        9,
                                                        2
                                                    ],
                                                    [
                                                        -9,
                                                        2
                                                    ]
                                                ],
                                                "c": true
                                            }
                                        ]
                                    },
                                    {
                                        "i": {
                                            "x": 0.667,
                                            "y": 1
                                        },
                                        "o": {
                                            "x": 0.167,
                                            "y": 0
                                        },
                                        "t": 13,
                                        "s": [
                                            {
                                                "i": [
                                                    [
                                                        0,
                                                        0
                                                    ],
                                                    [
                                                        0,
                                                        0
                                                    ],
                                                    [
                                                        0,
                                                        0
                                                    ],
                                                    [
                                                        0,
                                                        0
                                                    ]
                                                ],
                                                "o": [
                                                    [
                                                        0,
                                                        0
                                                    ],
                                                    [
                                                        0,
                                                        0
                                                    ],
                                                    [
                                                        0,
                                                        0
                                                    ],
                                                    [
                                                        0,
                                                        0
                                                    ]
                                                ],
                                                "v": [
                                                    [
                                                        -9,
                                                        -2
                                                    ],
                                                    [
                                                        -9,
                                                        -2
                                                    ],
                                                    [
                                                        -9,
                                                        2
                                                    ],
                                                    [
                                                        -9,
                                                        2
                                                    ]
                                                ],
                                                "c": true
                                            }
                                        ]
                                    },
                                    {
                                        "i": {
                                            "x": 0.667,
                                            "y": 1
                                        },
                                        "o": {
                                            "x": 0.333,
                                            "y": 0
                                        },
                                        "t": 17,
                                        "s": [
                                            {
                                                "i": [
                                                    [
                                                        0,
                                                        0
                                                    ],
                                                    [
                                                        0,
                                                        0
                                                    ],
                                                    [
                                                        0,
                                                        0
                                                    ],
                                                    [
                                                        0,
                                                        0
                                                    ]
                                                ],
                                                "o": [
                                                    [
                                                        0,
                                                        0
                                                    ],
                                                    [
                                                        0,
                                                        0
                                                    ],
                                                    [
                                                        0,
                                                        0
                                                    ],
                                                    [
                                                        0,
                                                        0
                                                    ]
                                                ],
                                                "v": [
                                                    [
                                                        -9,
                                                        -2
                                                    ],
                                                    [
                                                        -9,
                                                        -2
                                                    ],
                                                    [
                                                        -9,
                                                        2
                                                    ],
                                                    [
                                                        -9,
                                                        2
                                                    ]
                                                ],
                                                "c": true
                                            }
                                        ]
                                    },
                                    {
                                        "t": 26,
                                        "s": [
                                            {
                                                "i": [
                                                    [
                                                        0,
                                                        0
                                                    ],
                                                    [
                                                        0,
                                                        0
                                                    ],
                                                    [
                                                        0,
                                                        0
                                                    ],
                                                    [
                                                        0,
                                                        0
                                                    ]
                                                ],
                                                "o": [
                                                    [
                                                        0,
                                                        0
                                                    ],
                                                    [
                                                        0,
                                                        0
                                                    ],
                                                    [
                                                        0,
                                                        0
                                                    ],
                                                    [
                                                        0,
                                                        0
                                                    ]
                                                ],
                                                "v": [
                                                    [
                                                        -9,
                                                        -2
                                                    ],
                                                    [
                                                        9,
                                                        -2
                                                    ],
                                                    [
                                                        9,
                                                        2
                                                    ],
                                                    [
                                                        -9,
                                                        2
                                                    ]
                                                ],
                                                "c": true
                                            }
                                        ]
                                    }
                                ],
                                "ix": 2
                            },
                            "nm": "Path 1",
                            "mn": "ADBE Vector Shape - Group",
                            "hd": false
                        },
                        {
                            "ty": "fl",
                            "c": {
                                "a": 0,
                                "k": [
                                    0.239215701234,
                                    0.850980451995,
                                    0.921568687289,
                                    1
                                ],
                                "ix": 4
                            },
                            "o": {
                                "a": 0,
                                "k": 100,
                                "ix": 5
                            },
                            "r": 1,
                            "bm": 0,
                            "nm": "Fill 1",
                            "mn": "ADBE Vector Graphic - Fill",
                            "hd": false
                        },
                        {
                            "ty": "tr",
                            "p": {
                                "a": 0,
                                "k": [
                                    16.25,
                                    20.25
                                ],
                                "ix": 2
                            },
                            "a": {
                                "a": 0,
                                "k": [
                                    0,
                                    0
                                ],
                                "ix": 1
                            },
                            "s": {
                                "a": 0,
                                "k": [
                                    100,
                                    100
                                ],
                                "ix": 3
                            },
                            "r": {
                                "a": 0,
                                "k": 0,
                                "ix": 6
                            },
                            "o": {
                                "a": 0,
                                "k": 100,
                                "ix": 7
                            },
                            "sk": {
                                "a": 0,
                                "k": 0,
                                "ix": 4
                            },
                            "sa": {
                                "a": 0,
                                "k": 0,
                                "ix": 5
                            },
                            "nm": "Transform"
                        }
                    ],
                    "nm": "Group 2",
                    "np": 2,
                    "cix": 2,
                    "bm": 0,
                    "ix": 2,
                    "mn": "ADBE Vector Group",
                    "hd": false
                },
                {
                    "ty": "gr",
                    "it": [
                        {
                            "ind": 0,
                            "ty": "sh",
                            "ix": 1,
                            "ks": {
                                "a": 1,
                                "k": [
                                    {
                                        "i": {
                                            "x": 0.667,
                                            "y": 1
                                        },
                                        "o": {
                                            "x": 0.333,
                                            "y": 0
                                        },
                                        "t": 4,
                                        "s": [
                                            {
                                                "i": [
                                                    [
                                                        0,
                                                        0
                                                    ],
                                                    [
                                                        0,
                                                        0
                                                    ],
                                                    [
                                                        0,
                                                        0
                                                    ],
                                                    [
                                                        0,
                                                        0
                                                    ]
                                                ],
                                                "o": [
                                                    [
                                                        0,
                                                        0
                                                    ],
                                                    [
                                                        0,
                                                        0
                                                    ],
                                                    [
                                                        0,
                                                        0
                                                    ],
                                                    [
                                                        0,
                                                        0
                                                    ]
                                                ],
                                                "v": [
                                                    [
                                                        -9,
                                                        -2
                                                    ],
                                                    [
                                                        9,
                                                        -2
                                                    ],
                                                    [
                                                        9,
                                                        2
                                                    ],
                                                    [
                                                        -9,
                                                        2
                                                    ]
                                                ],
                                                "c": true
                                            }
                                        ]
                                    },
                                    {
                                        "i": {
                                            "x": 0.667,
                                            "y": 1
                                        },
                                        "o": {
                                            "x": 0.167,
                                            "y": 0
                                        },
                                        "t": 12,
                                        "s": [
                                            {
                                                "i": [
                                                    [
                                                        0,
                                                        0
                                                    ],
                                                    [
                                                        0,
                                                        0
                                                    ],
                                                    [
                                                        0,
                                                        0
                                                    ],
                                                    [
                                                        0,
                                                        0
                                                    ]
                                                ],
                                                "o": [
                                                    [
                                                        0,
                                                        0
                                                    ],
                                                    [
                                                        0,
                                                        0
                                                    ],
                                                    [
                                                        0,
                                                        0
                                                    ],
                                                    [
                                                        0,
                                                        0
                                                    ]
                                                ],
                                                "v": [
                                                    [
                                                        -9,
                                                        -2
                                                    ],
                                                    [
                                                        -9,
                                                        -2
                                                    ],
                                                    [
                                                        -9,
                                                        2
                                                    ],
                                                    [
                                                        -9,
                                                        2
                                                    ]
                                                ],
                                                "c": true
                                            }
                                        ]
                                    },
                                    {
                                        "i": {
                                            "x": 0.667,
                                            "y": 1
                                        },
                                        "o": {
                                            "x": 0.333,
                                            "y": 0
                                        },
                                        "t": 16,
                                        "s": [
                                            {
                                                "i": [
                                                    [
                                                        0,
                                                        0
                                                    ],
                                                    [
                                                        0,
                                                        0
                                                    ],
                                                    [
                                                        0,
                                                        0
                                                    ],
                                                    [
                                                        0,
                                                        0
                                                    ]
                                                ],
                                                "o": [
                                                    [
                                                        0,
                                                        0
                                                    ],
                                                    [
                                                        0,
                                                        0
                                                    ],
                                                    [
                                                        0,
                                                        0
                                                    ],
                                                    [
                                                        0,
                                                        0
                                                    ]
                                                ],
                                                "v": [
                                                    [
                                                        -9,
                                                        -2
                                                    ],
                                                    [
                                                        -9,
                                                        -2
                                                    ],
                                                    [
                                                        -9,
                                                        2
                                                    ],
                                                    [
                                                        -9,
                                                        2
                                                    ]
                                                ],
                                                "c": true
                                            }
                                        ]
                                    },
                                    {
                                        "t": 25,
                                        "s": [
                                            {
                                                "i": [
                                                    [
                                                        0,
                                                        0
                                                    ],
                                                    [
                                                        0,
                                                        0
                                                    ],
                                                    [
                                                        0,
                                                        0
                                                    ],
                                                    [
                                                        0,
                                                        0
                                                    ]
                                                ],
                                                "o": [
                                                    [
                                                        0,
                                                        0
                                                    ],
                                                    [
                                                        0,
                                                        0
                                                    ],
                                                    [
                                                        0,
                                                        0
                                                    ],
                                                    [
                                                        0,
                                                        0
                                                    ]
                                                ],
                                                "v": [
                                                    [
                                                        -9,
                                                        -2
                                                    ],
                                                    [
                                                        9,
                                                        -2
                                                    ],
                                                    [
                                                        9,
                                                        2
                                                    ],
                                                    [
                                                        -9,
                                                        2
                                                    ]
                                                ],
                                                "c": true
                                            }
                                        ]
                                    }
                                ],
                                "ix": 2
                            },
                            "nm": "Path 1",
                            "mn": "ADBE Vector Shape - Group",
                            "hd": false
                        },
                        {
                            "ty": "fl",
                            "c": {
                                "a": 0,
                                "k": [
                                    0.239215701234,
                                    0.850980451995,
                                    0.921568687289,
                                    1
                                ],
                                "ix": 4
                            },
                            "o": {
                                "a": 0,
                                "k": 100,
                                "ix": 5
                            },
                            "r": 1,
                            "bm": 0,
                            "nm": "Fill 1",
                            "mn": "ADBE Vector Graphic - Fill",
                            "hd": false
                        },
                        {
                            "ty": "tr",
                            "p": {
                                "a": 0,
                                "k": [
                                    16.25,
                                    12.25
                                ],
                                "ix": 2
                            },
                            "a": {
                                "a": 0,
                                "k": [
                                    0,
                                    0
                                ],
                                "ix": 1
                            },
                            "s": {
                                "a": 0,
                                "k": [
                                    100,
                                    100
                                ],
                                "ix": 3
                            },
                            "r": {
                                "a": 0,
                                "k": 0,
                                "ix": 6
                            },
                            "o": {
                                "a": 0,
                                "k": 100,
                                "ix": 7
                            },
                            "sk": {
                                "a": 0,
                                "k": 0,
                                "ix": 4
                            },
                            "sa": {
                                "a": 0,
                                "k": 0,
                                "ix": 5
                            },
                            "nm": "Transform"
                        }
                    ],
                    "nm": "Group 3",
                    "np": 2,
                    "cix": 2,
                    "bm": 0,
                    "ix": 3,
                    "mn": "ADBE Vector Group",
                    "hd": false
                }
            ],
            "ip": 0,
            "op": 29,
            "st": 0,
            "ct": 1,
            "bm": 0
        },
        {
            "ddd": 0,
            "ind": 2,
            "ty": 4,
            "nm": "back mask",
            "parent": 5,
            "td": 1,
            "sr": 1,
            "ks": {
                "o": {
                    "a": 0,
                    "k": 100,
                    "ix": 11
                },
                "r": {
                    "a": 0,
                    "k": 0,
                    "ix": 10
                },
                "p": {
                    "a": 0,
                    "k": [
                        17.75,
                        21.75,
                        0
                    ],
                    "ix": 2,
                    "l": 2
                },
                "a": {
                    "a": 0,
                    "k": [
                        17.75,
                        21.75,
                        0
                    ],
                    "ix": 1,
                    "l": 2
                },
                "s": {
                    "a": 0,
                    "k": [
                        100,
                        100,
                        100
                    ],
                    "ix": 6,
                    "l": 2
                }
            },
            "ao": 0,
            "shapes": [
                {
                    "ty": "gr",
                    "it": [
                        {
                            "ind": 0,
                            "ty": "sh",
                            "ix": 1,
                            "ks": {
                                "a": 0,
                                "k": {
                                    "i": [
                                        [
                                            0,
                                            0
                                        ],
                                        [
                                            0,
                                            0
                                        ],
                                        [
                                            0,
                                            0
                                        ],
                                        [
                                            0,
                                            0
                                        ]
                                    ],
                                    "o": [
                                        [
                                            0,
                                            0
                                        ],
                                        [
                                            0,
                                            0
                                        ],
                                        [
                                            0,
                                            0
                                        ],
                                        [
                                            0,
                                            0
                                        ]
                                    ],
                                    "v": [
                                        [
                                            -14.5,
                                            -18.5
                                        ],
                                        [
                                            14.5,
                                            -18.5
                                        ],
                                        [
                                            14.5,
                                            18.5
                                        ],
                                        [
                                            -14.5,
                                            18.5
                                        ]
                                    ],
                                    "c": true
                                },
                                "ix": 2
                            },
                            "nm": "Path 1",
                            "mn": "ADBE Vector Shape - Group",
                            "hd": false
                        },
                        {
                            "ty": "fl",
                            "c": {
                                "a": 0,
                                "k": [
                                    0.423529441684,
                                    0.098039223166,
                                    1,
                                    1
                                ],
                                "ix": 4
                            },
                            "o": {
                                "a": 0,
                                "k": 100,
                                "ix": 5
                            },
                            "r": 1,
                            "bm": 0,
                            "nm": "Fill 1",
                            "mn": "ADBE Vector Graphic - Fill",
                            "hd": false
                        },
                        {
                            "ty": "tr",
                            "p": {
                                "a": 0,
                                "k": [
                                    17.75,
                                    21.75
                                ],
                                "ix": 2
                            },
                            "a": {
                                "a": 0,
                                "k": [
                                    0,
                                    0
                                ],
                                "ix": 1
                            },
                            "s": {
                                "a": 0,
                                "k": [
                                    100,
                                    100
                                ],
                                "ix": 3
                            },
                            "r": {
                                "a": 0,
                                "k": 0,
                                "ix": 6
                            },
                            "o": {
                                "a": 0,
                                "k": 100,
                                "ix": 7
                            },
                            "sk": {
                                "a": 0,
                                "k": 0,
                                "ix": 4
                            },
                            "sa": {
                                "a": 0,
                                "k": 0,
                                "ix": 5
                            },
                            "nm": "Transform"
                        }
                    ],
                    "nm": "Group 6",
                    "np": 2,
                    "cix": 2,
                    "bm": 0,
                    "ix": 1,
                    "mn": "ADBE Vector Group",
                    "hd": false
                }
            ],
            "ip": 0,
            "op": 29,
            "st": 0,
            "ct": 1,
            "bm": 0
        },
        {
            "ddd": 0,
            "ind": 3,
            "ty": 4,
            "nm": "front color",
            "parent": 4,
            "tt": 1,
            "sr": 1,
            "ks": {
                "o": {
                    "a": 0,
                    "k": 100,
                    "ix": 11
                },
                "r": {
                    "a": 0,
                    "k": 0,
                    "ix": 10
                },
                "p": {
                    "a": 0,
                    "k": [
                        16.25,
                        20.25,
                        0
                    ],
                    "ix": 2,
                    "l": 2
                },
                "a": {
                    "a": 0,
                    "k": [
                        16.25,
                        20.25,
                        0
                    ],
                    "ix": 1,
                    "l": 2
                },
                "s": {
                    "a": 0,
                    "k": [
                        100,
                        100,
                        100
                    ],
                    "ix": 6,
                    "l": 2
                }
            },
            "ao": 0,
            "shapes": [
                {
                    "ty": "gr",
                    "it": [
                        {
                            "ind": 0,
                            "ty": "sh",
                            "ix": 1,
                            "ks": {
                                "a": 0,
                                "k": {
                                    "i": [
                                        [
                                            0,
                                            0
                                        ],
                                        [
                                            0,
                                            0
                                        ],
                                        [
                                            0,
                                            0
                                        ],
                                        [
                                            0,
                                            0
                                        ],
                                        [
                                            0,
                                            0
                                        ]
                                    ],
                                    "o": [
                                        [
                                            0,
                                            0
                                        ],
                                        [
                                            0,
                                            0
                                        ],
                                        [
                                            0,
                                            0
                                        ],
                                        [
                                            0,
                                            0
                                        ],
                                        [
                                            0,
                                            0
                                        ]
                                    ],
                                    "v": [
                                        [
                                            14.5,
                                            18.5
                                        ],
                                        [
                                            -14.5,
                                            18.5
                                        ],
                                        [
                                            -14.5,
                                            -18.5
                                        ],
                                        [
                                            14.5,
                                            -18.5
                                        ],
                                        [
                                            14.5,
                                            -10.5
                                        ]
                                    ],
                                    "c": true
                                },
                                "ix": 2
                            },
                            "nm": "Path 1",
                            "mn": "ADBE Vector Shape - Group",
                            "hd": false
                        },
                        {
                            "ty": "fl",
                            "c": {
                                "a": 0,
                                "k": [
                                    0,
                                    0.701960784314,
                                    0.843137254902,
                                    1
                                ],
                                "ix": 4
                            },
                            "o": {
                                "a": 0,
                                "k": 100,
                                "ix": 5
                            },
                            "r": 1,
                            "bm": 0,
                            "nm": "Fill 1",
                            "mn": "ADBE Vector Graphic - Fill",
                            "hd": false
                        },
                        {
                            "ty": "tr",
                            "p": {
                                "a": 0,
                                "k": [
                                    14.75,
                                    18.75
                                ],
                                "ix": 2
                            },
                            "a": {
                                "a": 0,
                                "k": [
                                    0,
                                    0
                                ],
                                "ix": 1
                            },
                            "s": {
                                "a": 0,
                                "k": [
                                    100,
                                    100
                                ],
                                "ix": 3
                            },
                            "r": {
                                "a": 0,
                                "k": 0,
                                "ix": 6
                            },
                            "o": {
                                "a": 0,
                                "k": 100,
                                "ix": 7
                            },
                            "sk": {
                                "a": 0,
                                "k": 0,
                                "ix": 4
                            },
                            "sa": {
                                "a": 0,
                                "k": 0,
                                "ix": 5
                            },
                            "nm": "Transform"
                        }
                    ],
                    "nm": "Group 5",
                    "np": 2,
                    "cix": 2,
                    "bm": 0,
                    "ix": 1,
                    "mn": "ADBE Vector Group",
                    "hd": false
                }
            ],
            "ip": 0,
            "op": 29,
            "st": 0,
            "ct": 1,
            "bm": 0
        },
        {
            "ddd": 0,
            "ind": 4,
            "ty": 4,
            "nm": "front",
            "sr": 1,
            "ks": {
                "o": {
                    "a": 0,
                    "k": 100,
                    "ix": 11
                },
                "r": {
                    "a": 0,
                    "k": 0,
                    "ix": 10
                },
                "p": {
                    "a": 1,
                    "k": [
                        {
                            "i": {
                                "x": 0.667,
                                "y": 1
                            },
                            "o": {
                                "x": 0.333,
                                "y": 0
                            },
                            "t": 2,
                            "s": [
                                22.65,
                                7.75,
                                0
                            ],
                            "to": [
                                0,
                                0,
                                0
                            ],
                            "ti": [
                                0,
                                0,
                                0
                            ]
                        },
                        {
                            "i": {
                                "x": 0.667,
                                "y": 1
                            },
                            "o": {
                                "x": 0.333,
                                "y": 0
                            },
                            "t": 14,
                            "s": [
                                21.95,
                                7.15,
                                0
                            ],
                            "to": [
                                0,
                                0,
                                0
                            ],
                            "ti": [
                                0,
                                0,
                                0
                            ]
                        },
                        {
                            "t": 28,
                            "s": [
                                22.65,
                                7.75,
                                0
                            ]
                        }
                    ],
                    "ix": 2,
                    "l": 2
                },
                "a": {
                    "a": 0,
                    "k": [
                        14.9,
                        4,
                        0
                    ],
                    "ix": 1,
                    "l": 2
                },
                "s": {
                    "a": 1,
                    "k": [
                        {
                            "i": {
                                "x": [
                                    0.667,
                                    0.667,
                                    0.667
                                ],
                                "y": [
                                    1,
                                    1,
                                    1
                                ]
                            },
                            "o": {
                                "x": [
                                    0.333,
                                    0.333,
                                    0.333
                                ],
                                "y": [
                                    0,
                                    0,
                                    0
                                ]
                            },
                            "t": 2,
                            "s": [
                                100,
                                100,
                                100
                            ]
                        },
                        {
                            "i": {
                                "x": [
                                    0.667,
                                    0.667,
                                    0.667
                                ],
                                "y": [
                                    1,
                                    1,
                                    1
                                ]
                            },
                            "o": {
                                "x": [
                                    0.333,
                                    0.333,
                                    0.333
                                ],
                                "y": [
                                    0,
                                    0,
                                    0
                                ]
                            },
                            "t": 14,
                            "s": [
                                103.7,
                                103.7,
                                100
                            ]
                        },
                        {
                            "t": 28,
                            "s": [
                                100,
                                100,
                                100
                            ]
                        }
                    ],
                    "ix": 6,
                    "l": 2
                }
            },
            "ao": 0,
            "shapes": [
                {
                    "ty": "gr",
                    "it": [
                        {
                            "ind": 0,
                            "ty": "sh",
                            "ix": 1,
                            "ks": {
                                "a": 0,
                                "k": {
                                    "i": [
                                        [
                                            0,
                                            0
                                        ],
                                        [
                                            0,
                                            0
                                        ],
                                        [
                                            0,
                                            0
                                        ],
                                        [
                                            0,
                                            0
                                        ],
                                        [
                                            0,
                                            0
                                        ]
                                    ],
                                    "o": [
                                        [
                                            0,
                                            0
                                        ],
                                        [
                                            0,
                                            0
                                        ],
                                        [
                                            0,
                                            0
                                        ],
                                        [
                                            0,
                                            0
                                        ],
                                        [
                                            0,
                                            0
                                        ]
                                    ],
                                    "v": [
                                        [
                                            14.5,
                                            18.5
                                        ],
                                        [
                                            -14.5,
                                            18.5
                                        ],
                                        [
                                            -14.5,
                                            -18.5
                                        ],
                                        [
                                            14.5,
                                            -18.5
                                        ],
                                        [
                                            14.5,
                                            -10.5
                                        ]
                                    ],
                                    "c": true
                                },
                                "ix": 2
                            },
                            "nm": "Path 1",
                            "mn": "ADBE Vector Shape - Group",
                            "hd": false
                        },
                        {
                            "ty": "fl",
                            "c": {
                                "a": 0,
                                "k": [
                                    0.239215701234,
                                    0.850980451995,
                                    0.921568687289,
                                    1
                                ],
                                "ix": 4
                            },
                            "o": {
                                "a": 0,
                                "k": 100,
                                "ix": 5
                            },
                            "r": 1,
                            "bm": 0,
                            "nm": "Fill 1",
                            "mn": "ADBE Vector Graphic - Fill",
                            "hd": false
                        },
                        {
                            "ty": "tr",
                            "p": {
                                "a": 0,
                                "k": [
                                    14.75,
                                    18.75
                                ],
                                "ix": 2
                            },
                            "a": {
                                "a": 0,
                                "k": [
                                    0,
                                    0
                                ],
                                "ix": 1
                            },
                            "s": {
                                "a": 0,
                                "k": [
                                    100,
                                    100
                                ],
                                "ix": 3
                            },
                            "r": {
                                "a": 0,
                                "k": 0,
                                "ix": 6
                            },
                            "o": {
                                "a": 0,
                                "k": 100,
                                "ix": 7
                            },
                            "sk": {
                                "a": 0,
                                "k": 0,
                                "ix": 4
                            },
                            "sa": {
                                "a": 0,
                                "k": 0,
                                "ix": 5
                            },
                            "nm": "Transform"
                        }
                    ],
                    "nm": "Group 5",
                    "np": 2,
                    "cix": 2,
                    "bm": 0,
                    "ix": 1,
                    "mn": "ADBE Vector Group",
                    "hd": false
                }
            ],
            "ip": 0,
            "op": 29,
            "st": 0,
            "ct": 1,
            "bm": 0
        },
        {
            "ddd": 0,
            "ind": 5,
            "ty": 4,
            "nm": "back",
            "parent": 4,
            "sr": 1,
            "ks": {
                "o": {
                    "a": 0,
                    "k": 100,
                    "ix": 11
                },
                "r": {
                    "a": 0,
                    "k": 0,
                    "ix": 10
                },
                "p": {
                    "a": 1,
                    "k": [
                        {
                            "i": {
                                "x": 0.667,
                                "y": 1
                            },
                            "o": {
                                "x": 0.333,
                                "y": 0
                            },
                            "t": 2,
                            "s": [
                                18,
                                6.5,
                                0
                            ],
                            "to": [
                                0,
                                0,
                                0
                            ],
                            "ti": [
                                0,
                                0,
                                0
                            ]
                        },
                        {
                            "i": {
                                "x": 0.667,
                                "y": 1
                            },
                            "o": {
                                "x": 0.333,
                                "y": 0
                            },
                            "t": 14,
                            "s": [
                                16.4,
                                4.85,
                                0
                            ],
                            "to": [
                                0,
                                0,
                                0
                            ],
                            "ti": [
                                0,
                                0,
                                0
                            ]
                        },
                        {
                            "t": 25,
                            "s": [
                                18,
                                6.5,
                                0
                            ]
                        }
                    ],
                    "ix": 2,
                    "l": 2
                },
                "a": {
                    "a": 0,
                    "k": [
                        18,
                        6.5,
                        0
                    ],
                    "ix": 1,
                    "l": 2
                },
                "s": {
                    "a": 0,
                    "k": [
                        100,
                        100,
                        100
                    ],
                    "ix": 6,
                    "l": 2
                }
            },
            "ao": 0,
            "shapes": [
                {
                    "ty": "gr",
                    "it": [
                        {
                            "ind": 0,
                            "ty": "sh",
                            "ix": 1,
                            "ks": {
                                "a": 0,
                                "k": {
                                    "i": [
                                        [
                                            0,
                                            0
                                        ],
                                        [
                                            0,
                                            0
                                        ],
                                        [
                                            0,
                                            0
                                        ],
                                        [
                                            0,
                                            0
                                        ]
                                    ],
                                    "o": [
                                        [
                                            0,
                                            0
                                        ],
                                        [
                                            0,
                                            0
                                        ],
                                        [
                                            0,
                                            0
                                        ],
                                        [
                                            0,
                                            0
                                        ]
                                    ],
                                    "v": [
                                        [
                                            -14.5,
                                            -18.5
                                        ],
                                        [
                                            14.5,
                                            -18.5
                                        ],
                                        [
                                            14.5,
                                            18.5
                                        ],
                                        [
                                            -14.5,
                                            18.5
                                        ]
                                    ],
                                    "c": true
                                },
                                "ix": 2
                            },
                            "nm": "Path 1",
                            "mn": "ADBE Vector Shape - Group",
                            "hd": false
                        },
                        {
                            "ty": "fl",
                            "c": {
                                "a": 0,
                                "k": [
                                    0.423529441684,
                                    0.098039223166,
                                    1,
                                    1
                                ],
                                "ix": 4
                            },
                            "o": {
                                "a": 0,
                                "k": 100,
                                "ix": 5
                            },
                            "r": 1,
                            "bm": 0,
                            "nm": "Fill 1",
                            "mn": "ADBE Vector Graphic - Fill",
                            "hd": false
                        },
                        {
                            "ty": "tr",
                            "p": {
                                "a": 0,
                                "k": [
                                    17.75,
                                    21.75
                                ],
                                "ix": 2
                            },
                            "a": {
                                "a": 0,
                                "k": [
                                    0,
                                    0
                                ],
                                "ix": 1
                            },
                            "s": {
                                "a": 0,
                                "k": [
                                    100,
                                    100
                                ],
                                "ix": 3
                            },
                            "r": {
                                "a": 0,
                                "k": 0,
                                "ix": 6
                            },
                            "o": {
                                "a": 0,
                                "k": 100,
                                "ix": 7
                            },
                            "sk": {
                                "a": 0,
                                "k": 0,
                                "ix": 4
                            },
                            "sa": {
                                "a": 0,
                                "k": 0,
                                "ix": 5
                            },
                            "nm": "Transform"
                        }
                    ],
                    "nm": "Group 6",
                    "np": 2,
                    "cix": 2,
                    "bm": 0,
                    "ix": 1,
                    "mn": "ADBE Vector Group",
                    "hd": false
                }
            ],
            "ip": 0,
            "op": 29,
            "st": 0,
            "ct": 1,
            "bm": 0
        }
    ],
    "markers": [
        {"tm": 0, "cm": "NormalToPressed_Start", "dr": 0},
        {"tm": 9, "cm": "NormalToPressed_End", "dr": 0},
        {"tm": 9, "cm": "PointerOverToPressed_Start", "dr": 0},
        {"tm": 19, "cm": "PointerOverToPressed_End", "dr": 0},
        {"tm": 20, "cm": "PressedToNormal_Start", "dr": 0},
        {"tm": 29, "cm": "PressedToNormal_End", "dr": 0},
        {"tm": 29, "cm": "PressedToPointerOver_Start", "dr": 0},
        {"tm": 30, "cm": "PressedToPointerOver_End", "dr": 0}  
      ]
}