{
    "v": "5.6.5",
    "fr": 24,
    "ip": 0,
    "op": 28,
    "w": 48,
    "h": 48,
    "nm": "dots-loading-4",
    "ddd": 0,
    "assets": [],
    "layers": [
        {
            "ddd": 0,
            "ind": 1,
            "ty": 4,
            "nm": "Circle 1 ",
            "sr": 1,
            "ks": {
                "o": {
                    "a": 0,
                    "k": 100,
                    "ix": 11
                },
                "r": {
                    "a": 0,
                    "k": 0,
                    "ix": 10
                },
                "p": {
                    "s": true,
                    "x": {
                        "a": 1,
                        "k": [
                            {
                                "i": {
                                    "x": [
                                        0.667
                                    ],
                                    "y": [
                                        0.465
                                    ]
                                },
                                "o": {
                                    "x": [
                                        0.333
                                    ],
                                    "y": [
                                        0
                                    ]
                                },
                                "t": 14,
                                "s": [
                                    40
                                ]
                            },
                            {
                                "i": {
                                    "x": [
                                        0.667
                                    ],
                                    "y": [
                                        1
                                    ]
                                },
                                "o": {
                                    "x": [
                                        0.333
                                    ],
                                    "y": [
                                        0.459
                                    ]
                                },
                                "t": 21,
                                "s": [
                                    32
                                ]
                            },
                            {
                                "t": 27,
                                "s": [
                                    24
                                ]
                            }
                        ],
                        "ix": 3
                    },
                    "y": {
                        "a": 1,
                        "k": [
                            {
                                "i": {
                                    "x": [
                                        0.415
                                    ],
                                    "y": [
                                        1
                                    ]
                                },
                                "o": {
                                    "x": [
                                        0.472
                                    ],
                                    "y": [
                                        0.01
                                    ]
                                },
                                "t": 14,
                                "s": [
                                    24
                                ]
                            },
                            {
                                "i": {
                                    "x": [
                                        0.57
                                    ],
                                    "y": [
                                        0.996
                                    ]
                                },
                                "o": {
                                    "x": [
                                        0.612
                                    ],
                                    "y": [
                                        0
                                    ]
                                },
                                "t": 21,
                                "s": [
                                    34
                                ]
                            },
                            {
                                "t": 27,
                                "s": [
                                    24
                                ]
                            }
                        ],
                        "ix": 4
                    }
                },
                "a": {
                    "a": 0,
                    "k": [
                        4.25,
                        4.25,
                        0
                    ],
                    "ix": 1
                },
                "s": {
                    "a": 0,
                    "k": [
                        100,
                        100,
                        100
                    ],
                    "ix": 6
                }
            },
            "ao": 0,
            "shapes": [
                {
                    "ty": "gr",
                    "it": [
                        {
                            "ind": 0,
                            "ty": "sh",
                            "ix": 1,
                            "ks": {
                                "a": 0,
                                "k": {
                                    "i": [
                                        [
                                            2.209,
                                            0
                                        ],
                                        [
                                            0,
                                            -2.209
                                        ],
                                        [
                                            -2.209,
                                            0
                                        ],
                                        [
                                            0,
                                            2.209
                                        ]
                                    ],
                                    "o": [
                                        [
                                            -2.209,
                                            0
                                        ],
                                        [
                                            0,
                                            2.209
                                        ],
                                        [
                                            2.209,
                                            0
                                        ],
                                        [
                                            0,
                                            -2.209
                                        ]
                                    ],
                                    "v": [
                                        [
                                            0,
                                            -4
                                        ],
                                        [
                                            -4,
                                            0
                                        ],
                                        [
                                            0,
                                            4
                                        ],
                                        [
                                            4,
                                            0
                                        ]
                                    ],
                                    "c": true
                                },
                                "ix": 2
                            },
                            "nm": "Path 1",
                            "mn": "ADBE Vector Shape - Group",
                            "hd": false
                        },
                        {
                            "ty": "fl",
                            "c": {
                                "a": 0,
                                "k": [
                                    0.39199999641,
                                    0.709999952129,
                                    0.964999988032,
                                    1
                                ],
                                "ix": 4
                            },
                            "o": {
                                "a": 0,
                                "k": 100,
                                "ix": 5
                            },
                            "r": 1,
                            "bm": 0,
                            "nm": "Fill 1",
                            "mn": "ADBE Vector Graphic - Fill",
                            "hd": false
                        },
                        {
                            "ty": "tr",
                            "p": {
                                "a": 0,
                                "k": [
                                    4.25,
                                    4.25
                                ],
                                "ix": 2
                            },
                            "a": {
                                "a": 0,
                                "k": [
                                    0,
                                    0
                                ],
                                "ix": 1
                            },
                            "s": {
                                "a": 0,
                                "k": [
                                    100,
                                    100
                                ],
                                "ix": 3
                            },
                            "r": {
                                "a": 0,
                                "k": 0,
                                "ix": 6
                            },
                            "o": {
                                "a": 0,
                                "k": 100,
                                "ix": 7
                            },
                            "sk": {
                                "a": 0,
                                "k": 0,
                                "ix": 4
                            },
                            "sa": {
                                "a": 0,
                                "k": 0,
                                "ix": 5
                            },
                            "nm": "Transform"
                        }
                    ],
                    "nm": "Group 1",
                    "np": 2,
                    "cix": 2,
                    "bm": 0,
                    "ix": 1,
                    "mn": "ADBE Vector Group",
                    "hd": false
                }
            ],
            "ip": 0,
            "op": 28,
            "st": 0,
            "bm": 0
        },
        {
            "ddd": 0,
            "ind": 2,
            "ty": 4,
            "nm": "Circle 2 ",
            "sr": 1,
            "ks": {
                "o": {
                    "a": 0,
                    "k": 100,
                    "ix": 11
                },
                "r": {
                    "a": 0,
                    "k": 0,
                    "ix": 10
                },
                "p": {
                    "s": true,
                    "x": {
                        "a": 1,
                        "k": [
                            {
                                "i": {
                                    "x": [
                                        0.667
                                    ],
                                    "y": [
                                        1
                                    ]
                                },
                                "o": {
                                    "x": [
                                        0.333
                                    ],
                                    "y": [
                                        0
                                    ]
                                },
                                "t": 0,
                                "s": [
                                    24
                                ]
                            },
                            {
                                "t": 14,
                                "s": [
                                    8
                                ]
                            }
                        ],
                        "ix": 3
                    },
                    "y": {
                        "a": 1,
                        "k": [
                            {
                                "i": {
                                    "x": [
                                        0.376
                                    ],
                                    "y": [
                                        1
                                    ]
                                },
                                "o": {
                                    "x": [
                                        0.167
                                    ],
                                    "y": [
                                        0.167
                                    ]
                                },
                                "t": 0,
                                "s": [
                                    24
                                ]
                            },
                            {
                                "i": {
                                    "x": [
                                        0.833
                                    ],
                                    "y": [
                                        0.998
                                    ]
                                },
                                "o": {
                                    "x": [
                                        0.641
                                    ],
                                    "y": [
                                        0
                                    ]
                                },
                                "t": 7,
                                "s": [
                                    16
                                ]
                            },
                            {
                                "i": {
                                    "x": [
                                        0.833
                                    ],
                                    "y": [
                                        0.833
                                    ]
                                },
                                "o": {
                                    "x": [
                                        0.167
                                    ],
                                    "y": [
                                        0.167
                                    ]
                                },
                                "t": 14,
                                "s": [
                                    24
                                ]
                            },
                            {
                                "t": 27,
                                "s": [
                                    24
                                ]
                            }
                        ],
                        "ix": 4
                    }
                },
                "a": {
                    "a": 0,
                    "k": [
                        4.25,
                        4.25,
                        0
                    ],
                    "ix": 1
                },
                "s": {
                    "a": 0,
                    "k": [
                        100,
                        100,
                        100
                    ],
                    "ix": 6
                }
            },
            "ao": 0,
            "shapes": [
                {
                    "ty": "gr",
                    "it": [
                        {
                            "ind": 0,
                            "ty": "sh",
                            "ix": 1,
                            "ks": {
                                "a": 0,
                                "k": {
                                    "i": [
                                        [
                                            2.209,
                                            0
                                        ],
                                        [
                                            0,
                                            -2.209
                                        ],
                                        [
                                            -2.209,
                                            0
                                        ],
                                        [
                                            0,
                                            2.209
                                        ]
                                    ],
                                    "o": [
                                        [
                                            -2.209,
                                            0
                                        ],
                                        [
                                            0,
                                            2.209
                                        ],
                                        [
                                            2.209,
                                            0
                                        ],
                                        [
                                            0,
                                            -2.209
                                        ]
                                    ],
                                    "v": [
                                        [
                                            0,
                                            -4
                                        ],
                                        [
                                            -4,
                                            0
                                        ],
                                        [
                                            0,
                                            4
                                        ],
                                        [
                                            4,
                                            0
                                        ]
                                    ],
                                    "c": true
                                },
                                "ix": 2
                            },
                            "nm": "Path 1",
                            "mn": "ADBE Vector Shape - Group",
                            "hd": false
                        },
                        {
                            "ty": "fl",
                            "c": {
                                "a": 0,
                                "k": [
                                    0.39199999641,
                                    0.709999952129,
                                    0.964999988032,
                                    1
                                ],
                                "ix": 4
                            },
                            "o": {
                                "a": 0,
                                "k": 100,
                                "ix": 5
                            },
                            "r": 1,
                            "bm": 0,
                            "nm": "Fill 1",
                            "mn": "ADBE Vector Graphic - Fill",
                            "hd": false
                        },
                        {
                            "ty": "tr",
                            "p": {
                                "a": 0,
                                "k": [
                                    4.25,
                                    4.25
                                ],
                                "ix": 2
                            },
                            "a": {
                                "a": 0,
                                "k": [
                                    0,
                                    0
                                ],
                                "ix": 1
                            },
                            "s": {
                                "a": 0,
                                "k": [
                                    100,
                                    100
                                ],
                                "ix": 3
                            },
                            "r": {
                                "a": 0,
                                "k": 0,
                                "ix": 6
                            },
                            "o": {
                                "a": 0,
                                "k": 100,
                                "ix": 7
                            },
                            "sk": {
                                "a": 0,
                                "k": 0,
                                "ix": 4
                            },
                            "sa": {
                                "a": 0,
                                "k": 0,
                                "ix": 5
                            },
                            "nm": "Transform"
                        }
                    ],
                    "nm": "Group 1",
                    "np": 2,
                    "cix": 2,
                    "bm": 0,
                    "ix": 1,
                    "mn": "ADBE Vector Group",
                    "hd": false
                }
            ],
            "ip": 0,
            "op": 28,
            "st": 0,
            "bm": 0
        },
        {
            "ddd": 0,
            "ind": 3,
            "ty": 4,
            "nm": "Circle 3 ",
            "sr": 1,
            "ks": {
                "o": {
                    "a": 0,
                    "k": 100,
                    "ix": 11
                },
                "r": {
                    "a": 0,
                    "k": 0,
                    "ix": 10
                },
                "p": {
                    "s": true,
                    "x": {
                        "a": 1,
                        "k": [
                            {
                                "i": {
                                    "x": [
                                        0.667
                                    ],
                                    "y": [
                                        1
                                    ]
                                },
                                "o": {
                                    "x": [
                                        0.333
                                    ],
                                    "y": [
                                        0
                                    ]
                                },
                                "t": 0,
                                "s": [
                                    8
                                ]
                            },
                            {
                                "i": {
                                    "x": [
                                        0.667
                                    ],
                                    "y": [
                                        0.465
                                    ]
                                },
                                "o": {
                                    "x": [
                                        0.333
                                    ],
                                    "y": [
                                        0
                                    ]
                                },
                                "t": 14,
                                "s": [
                                    24
                                ]
                            },
                            {
                                "i": {
                                    "x": [
                                        0.667
                                    ],
                                    "y": [
                                        1
                                    ]
                                },
                                "o": {
                                    "x": [
                                        0.333
                                    ],
                                    "y": [
                                        0.459
                                    ]
                                },
                                "t": 21,
                                "s": [
                                    32
                                ]
                            },
                            {
                                "t": 27,
                                "s": [
                                    40
                                ]
                            }
                        ],
                        "ix": 3
                    },
                    "y": {
                        "a": 1,
                        "k": [
                            {
                                "i": {
                                    "x": [
                                        0.376
                                    ],
                                    "y": [
                                        1
                                    ]
                                },
                                "o": {
                                    "x": [
                                        0.477
                                    ],
                                    "y": [
                                        0.01
                                    ]
                                },
                                "t": 0,
                                "s": [
                                    24
                                ]
                            },
                            {
                                "i": {
                                    "x": [
                                        0.639
                                    ],
                                    "y": [
                                        0.802
                                    ]
                                },
                                "o": {
                                    "x": [
                                        0.641
                                    ],
                                    "y": [
                                        0
                                    ]
                                },
                                "t": 7,
                                "s": [
                                    34
                                ]
                            },
                            {
                                "i": {
                                    "x": [
                                        0.415
                                    ],
                                    "y": [
                                        1
                                    ]
                                },
                                "o": {
                                    "x": [
                                        0.472
                                    ],
                                    "y": [
                                        0.34
                                    ]
                                },
                                "t": 14,
                                "s": [
                                    24
                                ]
                            },
                            {
                                "i": {
                                    "x": [
                                        0.57
                                    ],
                                    "y": [
                                        0.99
                                    ]
                                },
                                "o": {
                                    "x": [
                                        0.612
                                    ],
                                    "y": [
                                        0
                                    ]
                                },
                                "t": 21,
                                "s": [
                                    16
                                ]
                            },
                            {
                                "t": 27,
                                "s": [
                                    24
                                ]
                            }
                        ],
                        "ix": 4
                    }
                },
                "a": {
                    "a": 0,
                    "k": [
                        4.25,
                        4.25,
                        0
                    ],
                    "ix": 1
                },
                "s": {
                    "a": 0,
                    "k": [
                        100,
                        100,
                        100
                    ],
                    "ix": 6
                }
            },
            "ao": 0,
            "shapes": [
                {
                    "ty": "gr",
                    "it": [
                        {
                            "ind": 0,
                            "ty": "sh",
                            "ix": 1,
                            "ks": {
                                "a": 0,
                                "k": {
                                    "i": [
                                        [
                                            2.209,
                                            0
                                        ],
                                        [
                                            0,
                                            -2.209
                                        ],
                                        [
                                            -2.209,
                                            0
                                        ],
                                        [
                                            0,
                                            2.209
                                        ]
                                    ],
                                    "o": [
                                        [
                                            -2.209,
                                            0
                                        ],
                                        [
                                            0,
                                            2.209
                                        ],
                                        [
                                            2.209,
                                            0
                                        ],
                                        [
                                            0,
                                            -2.209
                                        ]
                                    ],
                                    "v": [
                                        [
                                            0,
                                            -4
                                        ],
                                        [
                                            -4,
                                            0
                                        ],
                                        [
                                            0,
                                            4
                                        ],
                                        [
                                            4,
                                            0
                                        ]
                                    ],
                                    "c": true
                                },
                                "ix": 2
                            },
                            "nm": "Path 1",
                            "mn": "ADBE Vector Shape - Group",
                            "hd": false
                        },
                        {
                            "ty": "fl",
                            "c": {
                                "a": 0,
                                "k": [
                                    0.39199999641,
                                    0.709999952129,
                                    0.964999988032,
                                    1
                                ],
                                "ix": 4
                            },
                            "o": {
                                "a": 0,
                                "k": 100,
                                "ix": 5
                            },
                            "r": 1,
                            "bm": 0,
                            "nm": "Fill 1",
                            "mn": "ADBE Vector Graphic - Fill",
                            "hd": false
                        },
                        {
                            "ty": "tr",
                            "p": {
                                "a": 0,
                                "k": [
                                    4.25,
                                    4.25
                                ],
                                "ix": 2
                            },
                            "a": {
                                "a": 0,
                                "k": [
                                    0,
                                    0
                                ],
                                "ix": 1
                            },
                            "s": {
                                "a": 0,
                                "k": [
                                    100,
                                    100
                                ],
                                "ix": 3
                            },
                            "r": {
                                "a": 0,
                                "k": 0,
                                "ix": 6
                            },
                            "o": {
                                "a": 0,
                                "k": 100,
                                "ix": 7
                            },
                            "sk": {
                                "a": 0,
                                "k": 0,
                                "ix": 4
                            },
                            "sa": {
                                "a": 0,
                                "k": 0,
                                "ix": 5
                            },
                            "nm": "Transform"
                        }
                    ],
                    "nm": "Group 1",
                    "np": 2,
                    "cix": 2,
                    "bm": 0,
                    "ix": 1,
                    "mn": "ADBE Vector Group",
                    "hd": false
                }
            ],
            "ip": 0,
            "op": 28,
            "st": 0,
            "bm": 0
        }
    ],
    "markers": [
        {"tm": 0, "cm": "NormalToPressed_Start", "dr": 0},
        {"tm": 9, "cm": "NormalToPressed_End", "dr": 0},
        {"tm": 9, "cm": "PointerOverToPressed_Start", "dr": 0},
        {"tm": 19, "cm": "PointerOverToPressed_End", "dr": 0},
        {"tm": 20, "cm": "PressedToNormal_Start", "dr": 0},
        {"tm": 29, "cm": "PressedToNormal_End", "dr": 0},
        {"tm": 29, "cm": "PressedToPointerOver_Start", "dr": 0},
        {"tm": 30, "cm": "PressedToPointerOver_End", "dr": 0}  
      ]
}