{
    "v": "5.9.6",
    "fr": 24,
    "ip": 0,
    "op": 28,
    "w": 192,
    "h": 192,
    "nm": "heart-with-pulse",
    "ddd": 0,
    "assets": [
        {
            "id": "comp_0",
            "nm": "Pre-comp 1",
            "fr": 24,
            "layers": [
                {
                    "ddd": 0,
                    "ind": 1,
                    "ty": 4,
                    "nm": "circle",
                    "sr": 1,
                    "ks": {
                        "o": {
                            "a": 0,
                            "k": 100,
                            "ix": 11
                        },
                        "r": {
                            "a": 0,
                            "k": 0,
                            "ix": 10
                        },
                        "p": {
                            "a": 0,
                            "k": [
                                140,
                                100,
                                0
                            ],
                            "ix": 2,
                            "l": 2
                        },
                        "a": {
                            "a": 0,
                            "k": [
                                0,
                                0,
                                0
                            ],
                            "ix": 1,
                            "l": 2
                        },
                        "s": {
                            "a": 1,
                            "k": [
                                {
                                    "i": {
                                        "x": [
                                            0.667,
                                            0.667,
                                            0.667
                                        ],
                                        "y": [
                                            1,
                                            1,
                                            1
                                        ]
                                    },
                                    "o": {
                                        "x": [
                                            0.333,
                                            0.333,
                                            0.333
                                        ],
                                        "y": [
                                            0,
                                            0,
                                            0
                                        ]
                                    },
                                    "t": 14,
                                    "s": [
                                        200,
                                        200,
                                        100
                                    ]
                                },
                                {
                                    "i": {
                                        "x": [
                                            0.667,
                                            0.667,
                                            0.667
                                        ],
                                        "y": [
                                            1,
                                            1,
                                            1
                                        ]
                                    },
                                    "o": {
                                        "x": [
                                            0.333,
                                            0.333,
                                            0.333
                                        ],
                                        "y": [
                                            0,
                                            0,
                                            0
                                        ]
                                    },
                                    "t": 15,
                                    "s": [
                                        360,
                                        360,
                                        100
                                    ]
                                },
                                {
                                    "i": {
                                        "x": [
                                            0.667,
                                            0.667,
                                            0.667
                                        ],
                                        "y": [
                                            1,
                                            1,
                                            1
                                        ]
                                    },
                                    "o": {
                                        "x": [
                                            0.333,
                                            0.333,
                                            0.333
                                        ],
                                        "y": [
                                            0,
                                            0,
                                            0
                                        ]
                                    },
                                    "t": 27,
                                    "s": [
                                        360,
                                        360,
                                        100
                                    ]
                                },
                                {
                                    "t": 28,
                                    "s": [
                                        200,
                                        200,
                                        100
                                    ]
                                }
                            ],
                            "ix": 6,
                            "l": 2
                        }
                    },
                    "ao": 0,
                    "shapes": [
                        {
                            "ty": "gr",
                            "it": [
                                {
                                    "ind": 0,
                                    "ty": "sh",
                                    "ix": 1,
                                    "ks": {
                                        "a": 0,
                                        "k": {
                                            "i": [
                                                [
                                                    0,
                                                    -1.105
                                                ],
                                                [
                                                    -1.105,
                                                    0
                                                ],
                                                [
                                                    0,
                                                    1.105
                                                ],
                                                [
                                                    1.105,
                                                    0
                                                ]
                                            ],
                                            "o": [
                                                [
                                                    0,
                                                    1.105
                                                ],
                                                [
                                                    1.105,
                                                    0
                                                ],
                                                [
                                                    0,
                                                    -1.105
                                                ],
                                                [
                                                    -1.105,
                                                    0
                                                ]
                                            ],
                                            "v": [
                                                [
                                                    -2,
                                                    0
                                                ],
                                                [
                                                    0,
                                                    2
                                                ],
                                                [
                                                    2,
                                                    0
                                                ],
                                                [
                                                    0,
                                                    -2
                                                ]
                                            ],
                                            "c": true
                                        },
                                        "ix": 2
                                    },
                                    "nm": "Path 1",
                                    "mn": "ADBE Vector Shape - Group",
                                    "hd": false
                                },
                                {
                                    "ty": "fl",
                                    "c": {
                                        "a": 0,
                                        "k": [
                                            1,
                                            1,
                                            1,
                                            1
                                        ],
                                        "ix": 4
                                    },
                                    "o": {
                                        "a": 0,
                                        "k": 100,
                                        "ix": 5
                                    },
                                    "r": 1,
                                    "bm": 0,
                                    "nm": "Fill 1",
                                    "mn": "ADBE Vector Graphic - Fill",
                                    "hd": false
                                },
                                {
                                    "ty": "tr",
                                    "p": {
                                        "a": 0,
                                        "k": [
                                            0,
                                            0
                                        ],
                                        "ix": 2
                                    },
                                    "a": {
                                        "a": 0,
                                        "k": [
                                            0,
                                            0
                                        ],
                                        "ix": 1
                                    },
                                    "s": {
                                        "a": 0,
                                        "k": [
                                            100,
                                            100
                                        ],
                                        "ix": 3
                                    },
                                    "r": {
                                        "a": 0,
                                        "k": 0,
                                        "ix": 6
                                    },
                                    "o": {
                                        "a": 0,
                                        "k": 100,
                                        "ix": 7
                                    },
                                    "sk": {
                                        "a": 0,
                                        "k": 0,
                                        "ix": 4
                                    },
                                    "sa": {
                                        "a": 0,
                                        "k": 0,
                                        "ix": 5
                                    },
                                    "nm": "Transform"
                                }
                            ],
                            "nm": "Group 1",
                            "np": 2,
                            "cix": 2,
                            "bm": 0,
                            "ix": 1,
                            "mn": "ADBE Vector Group",
                            "hd": false
                        }
                    ],
                    "ip": 14,
                    "op": 28,
                    "st": 0,
                    "ct": 1,
                    "bm": 0
                },
                {
                    "ddd": 0,
                    "ind": 2,
                    "ty": 4,
                    "nm": "line",
                    "sr": 1,
                    "ks": {
                        "o": {
                            "a": 0,
                            "k": 100,
                            "ix": 11
                        },
                        "r": {
                            "a": 0,
                            "k": 0,
                            "ix": 10
                        },
                        "p": {
                            "a": 0,
                            "k": [
                                68.681,
                                96.054,
                                0
                            ],
                            "ix": 2,
                            "l": 2
                        },
                        "a": {
                            "a": 0,
                            "k": [
                                0,
                                0,
                                0
                            ],
                            "ix": 1,
                            "l": 2
                        },
                        "s": {
                            "a": 0,
                            "k": [
                                400,
                                400,
                                100
                            ],
                            "ix": 6,
                            "l": 2
                        }
                    },
                    "ao": 0,
                    "shapes": [
                        {
                            "ty": "gr",
                            "it": [
                                {
                                    "ind": 0,
                                    "ty": "sh",
                                    "ix": 1,
                                    "ks": {
                                        "a": 0,
                                        "k": {
                                            "i": [
                                                [
                                                    0,
                                                    0
                                                ],
                                                [
                                                    0,
                                                    0
                                                ],
                                                [
                                                    0,
                                                    0
                                                ],
                                                [
                                                    0,
                                                    0
                                                ],
                                                [
                                                    0,
                                                    0
                                                ],
                                                [
                                                    0,
                                                    0
                                                ],
                                                [
                                                    0,
                                                    0
                                                ],
                                                [
                                                    0,
                                                    0
                                                ],
                                                [
                                                    0,
                                                    0
                                                ],
                                                [
                                                    0,
                                                    0
                                                ]
                                            ],
                                            "o": [
                                                [
                                                    0,
                                                    0
                                                ],
                                                [
                                                    0,
                                                    0
                                                ],
                                                [
                                                    0,
                                                    0
                                                ],
                                                [
                                                    0,
                                                    0
                                                ],
                                                [
                                                    0,
                                                    0
                                                ],
                                                [
                                                    0,
                                                    0
                                                ],
                                                [
                                                    0,
                                                    0
                                                ],
                                                [
                                                    0,
                                                    0
                                                ],
                                                [
                                                    0,
                                                    0
                                                ],
                                                [
                                                    0,
                                                    0
                                                ]
                                            ],
                                            "v": [
                                                [
                                                    -12.395,
                                                    0.986
                                                ],
                                                [
                                                    -8.787,
                                                    0.986
                                                ],
                                                [
                                                    -6.532,
                                                    -2.992
                                                ],
                                                [
                                                    -2.872,
                                                    2.625
                                                ],
                                                [
                                                    1.054,
                                                    -8.454
                                                ],
                                                [
                                                    3.468,
                                                    8.454
                                                ],
                                                [
                                                    8.016,
                                                    -3.842
                                                ],
                                                [
                                                    10.489,
                                                    3.731
                                                ],
                                                [
                                                    12.66,
                                                    0.986
                                                ],
                                                [
                                                    17.843,
                                                    0.965
                                                ]
                                            ],
                                            "c": false
                                        },
                                        "ix": 2
                                    },
                                    "nm": "Path 1",
                                    "mn": "ADBE Vector Shape - Group",
                                    "hd": false
                                },
                                {
                                    "ty": "st",
                                    "c": {
                                        "a": 0,
                                        "k": [
                                            1,
                                            1,
                                            1,
                                            1
                                        ],
                                        "ix": 3
                                    },
                                    "o": {
                                        "a": 0,
                                        "k": 100,
                                        "ix": 4
                                    },
                                    "w": {
                                        "a": 0,
                                        "k": 2,
                                        "ix": 5
                                    },
                                    "lc": 2,
                                    "lj": 2,
                                    "bm": 0,
                                    "nm": "Stroke 1",
                                    "mn": "ADBE Vector Graphic - Stroke",
                                    "hd": false
                                },
                                {
                                    "ty": "tr",
                                    "p": {
                                        "a": 0,
                                        "k": [
                                            0,
                                            0
                                        ],
                                        "ix": 2
                                    },
                                    "a": {
                                        "a": 0,
                                        "k": [
                                            0,
                                            0
                                        ],
                                        "ix": 1
                                    },
                                    "s": {
                                        "a": 0,
                                        "k": [
                                            100,
                                            100
                                        ],
                                        "ix": 3
                                    },
                                    "r": {
                                        "a": 0,
                                        "k": 0,
                                        "ix": 6
                                    },
                                    "o": {
                                        "a": 0,
                                        "k": 100,
                                        "ix": 7
                                    },
                                    "sk": {
                                        "a": 0,
                                        "k": 0,
                                        "ix": 4
                                    },
                                    "sa": {
                                        "a": 0,
                                        "k": 0,
                                        "ix": 5
                                    },
                                    "nm": "Transform"
                                }
                            ],
                            "nm": "Group 1",
                            "np": 2,
                            "cix": 2,
                            "bm": 0,
                            "ix": 1,
                            "mn": "ADBE Vector Group",
                            "hd": false
                        },
                        {
                            "ty": "tm",
                            "s": {
                                "a": 1,
                                "k": [
                                    {
                                        "i": {
                                            "x": [
                                                0.667
                                            ],
                                            "y": [
                                                1
                                            ]
                                        },
                                        "o": {
                                            "x": [
                                                0.333
                                            ],
                                            "y": [
                                                0
                                            ]
                                        },
                                        "t": 14,
                                        "s": [
                                            0
                                        ]
                                    },
                                    {
                                        "t": 28,
                                        "s": [
                                            100
                                        ]
                                    }
                                ],
                                "ix": 1
                            },
                            "e": {
                                "a": 1,
                                "k": [
                                    {
                                        "i": {
                                            "x": [
                                                0.667
                                            ],
                                            "y": [
                                                1
                                            ]
                                        },
                                        "o": {
                                            "x": [
                                                0.333
                                            ],
                                            "y": [
                                                0
                                            ]
                                        },
                                        "t": 0,
                                        "s": [
                                            0
                                        ]
                                    },
                                    {
                                        "t": 14,
                                        "s": [
                                            100
                                        ]
                                    }
                                ],
                                "ix": 2
                            },
                            "o": {
                                "a": 0,
                                "k": 0,
                                "ix": 3
                            },
                            "m": 1,
                            "ix": 2,
                            "nm": "Trim Paths 1",
                            "mn": "ADBE Vector Filter - Trim",
                            "hd": false
                        }
                    ],
                    "ip": 0,
                    "op": 29,
                    "st": 0,
                    "ct": 1,
                    "bm": 0
                }
            ]
        }
    ],
    "layers": [
        {
            "ddd": 0,
            "ind": 1,
            "ty": 0,
            "nm": "Pre-comp 1",
            "parent": 2,
            "td": 1,
            "refId": "comp_0",
            "sr": 1,
            "ks": {
                "o": {
                    "a": 0,
                    "k": 100,
                    "ix": 11
                },
                "r": {
                    "a": 0,
                    "k": 0,
                    "ix": 10
                },
                "p": {
                    "a": 0,
                    "k": [
                        0,
                        -0.496,
                        0
                    ],
                    "ix": 2,
                    "l": 2
                },
                "a": {
                    "a": 0,
                    "k": [
                        96,
                        96,
                        0
                    ],
                    "ix": 1,
                    "l": 2
                },
                "s": {
                    "a": 0,
                    "k": [
                        25,
                        25,
                        100
                    ],
                    "ix": 6,
                    "l": 2
                }
            },
            "ao": 0,
            "w": 192,
            "h": 192,
            "ip": 0,
            "op": 29,
            "st": 0,
            "ct": 1,
            "bm": 0
        },
        {
            "ddd": 0,
            "ind": 2,
            "ty": 4,
            "nm": "heart",
            "tt": 2,
            "sr": 1,
            "ks": {
                "o": {
                    "a": 0,
                    "k": 100,
                    "ix": 11
                },
                "r": {
                    "a": 0,
                    "k": 0,
                    "ix": 10
                },
                "p": {
                    "a": 0,
                    "k": [
                        96,
                        97.982,
                        0
                    ],
                    "ix": 2,
                    "l": 2
                },
                "a": {
                    "a": 0,
                    "k": [
                        0,
                        0,
                        0
                    ],
                    "ix": 1,
                    "l": 2
                },
                "s": {
                    "a": 1,
                    "k": [
                        {
                            "i": {
                                "x": [
                                    0.667,
                                    0.667,
                                    0.667
                                ],
                                "y": [
                                    1,
                                    1,
                                    1
                                ]
                            },
                            "o": {
                                "x": [
                                    0.333,
                                    0.333,
                                    0.333
                                ],
                                "y": [
                                    0,
                                    0,
                                    0
                                ]
                            },
                            "t": 0,
                            "s": [
                                400,
                                400,
                                100
                            ]
                        },
                        {
                            "i": {
                                "x": [
                                    0.667,
                                    0.667,
                                    0.667
                                ],
                                "y": [
                                    1,
                                    1,
                                    1
                                ]
                            },
                            "o": {
                                "x": [
                                    0.333,
                                    0.333,
                                    0.333
                                ],
                                "y": [
                                    0,
                                    0,
                                    0
                                ]
                            },
                            "t": 14,
                            "s": [
                                380,
                                380,
                                100
                            ]
                        },
                        {
                            "t": 28,
                            "s": [
                                400,
                                400,
                                100
                            ]
                        }
                    ],
                    "ix": 6,
                    "l": 2
                }
            },
            "ao": 0,
            "shapes": [
                {
                    "ty": "gr",
                    "it": [
                        {
                            "ind": 0,
                            "ty": "sh",
                            "ix": 1,
                            "ks": {
                                "a": 0,
                                "k": {
                                    "i": [
                                        [
                                            0,
                                            0
                                        ],
                                        [
                                            -5.799,
                                            0
                                        ],
                                        [
                                            0,
                                            -5.735
                                        ],
                                        [
                                            4.387,
                                            -2.997
                                        ],
                                        [
                                            0.695,
                                            0.475
                                        ],
                                        [
                                            0,
                                            9.869
                                        ],
                                        [
                                            -5.799,
                                            0
                                        ]
                                    ],
                                    "o": [
                                        [
                                            0,
                                            0
                                        ],
                                        [
                                            5.799,
                                            0
                                        ],
                                        [
                                            0,
                                            9.869
                                        ],
                                        [
                                            -0.695,
                                            0.475
                                        ],
                                        [
                                            -4.387,
                                            -2.997
                                        ],
                                        [
                                            0,
                                            -5.735
                                        ],
                                        [
                                            5.799,
                                            0
                                        ]
                                    ],
                                    "v": [
                                        [
                                            0,
                                            -12.246
                                        ],
                                        [
                                            10.5,
                                            -17.496
                                        ],
                                        [
                                            21,
                                            -6.996
                                        ],
                                        [
                                            1.147,
                                            17.139
                                        ],
                                        [
                                            -1.147,
                                            17.139
                                        ],
                                        [
                                            -21,
                                            -6.996
                                        ],
                                        [
                                            -10.5,
                                            -17.496
                                        ]
                                    ],
                                    "c": true
                                },
                                "ix": 2
                            },
                            "nm": "Path 1",
                            "mn": "ADBE Vector Shape - Group",
                            "hd": false
                        },
                        {
                            "ty": "gf",
                            "o": {
                                "a": 0,
                                "k": 100,
                                "ix": 10
                            },
                            "r": 1,
                            "bm": 0,
                            "g": {
                                "p": 5,
                                "k": {
                                    "a": 0,
                                    "k": [
                                        0,
                                        0.957,
                                        0.31,
                                        0.353,
                                        0.221,
                                        0.945,
                                        0.275,
                                        0.322,
                                        0.443,
                                        0.933,
                                        0.239,
                                        0.29,
                                        0.721,
                                        0.916,
                                        0.182,
                                        0.239,
                                        1,
                                        0.898,
                                        0.125,
                                        0.188
                                    ],
                                    "ix": 9
                                }
                            },
                            "s": {
                                "a": 0,
                                "k": [
                                    -9.7,
                                    -20.304
                                ],
                                "ix": 5
                            },
                            "e": {
                                "a": 0,
                                "k": [
                                    10.038,
                                    16.099
                                ],
                                "ix": 6
                            },
                            "t": 1,
                            "nm": "Gradient Fill 1",
                            "mn": "ADBE Vector Graphic - G-Fill",
                            "hd": false
                        },
                        {
                            "ty": "tr",
                            "p": {
                                "a": 0,
                                "k": [
                                    0,
                                    0
                                ],
                                "ix": 2
                            },
                            "a": {
                                "a": 0,
                                "k": [
                                    0,
                                    0
                                ],
                                "ix": 1
                            },
                            "s": {
                                "a": 0,
                                "k": [
                                    100,
                                    100
                                ],
                                "ix": 3
                            },
                            "r": {
                                "a": 0,
                                "k": 0,
                                "ix": 6
                            },
                            "o": {
                                "a": 0,
                                "k": 100,
                                "ix": 7
                            },
                            "sk": {
                                "a": 0,
                                "k": 0,
                                "ix": 4
                            },
                            "sa": {
                                "a": 0,
                                "k": 0,
                                "ix": 5
                            },
                            "nm": "Transform"
                        }
                    ],
                    "nm": "Group 1",
                    "np": 2,
                    "cix": 2,
                    "bm": 0,
                    "ix": 1,
                    "mn": "ADBE Vector Group",
                    "hd": false
                }
            ],
            "ip": 0,
            "op": 29,
            "st": 0,
            "ct": 1,
            "bm": 0
        },
        {
            "ddd": 0,
            "ind": 3,
            "ty": 4,
            "nm": "heart 2",
            "sr": 1,
            "ks": {
                "o": {
                    "a": 0,
                    "k": 100,
                    "ix": 11
                },
                "r": {
                    "a": 0,
                    "k": 0,
                    "ix": 10
                },
                "p": {
                    "a": 0,
                    "k": [
                        96,
                        97.982,
                        0
                    ],
                    "ix": 2,
                    "l": 2
                },
                "a": {
                    "a": 0,
                    "k": [
                        0,
                        0,
                        0
                    ],
                    "ix": 1,
                    "l": 2
                },
                "s": {
                    "a": 1,
                    "k": [
                        {
                            "i": {
                                "x": [
                                    0.667,
                                    0.667,
                                    0.667
                                ],
                                "y": [
                                    1,
                                    1,
                                    1
                                ]
                            },
                            "o": {
                                "x": [
                                    0.333,
                                    0.333,
                                    0.333
                                ],
                                "y": [
                                    0,
                                    0,
                                    0
                                ]
                            },
                            "t": 0,
                            "s": [
                                400,
                                400,
                                100
                            ]
                        },
                        {
                            "i": {
                                "x": [
                                    0.667,
                                    0.667,
                                    0.667
                                ],
                                "y": [
                                    1,
                                    1,
                                    1
                                ]
                            },
                            "o": {
                                "x": [
                                    0.333,
                                    0.333,
                                    0.333
                                ],
                                "y": [
                                    0,
                                    0,
                                    0
                                ]
                            },
                            "t": 14,
                            "s": [
                                380,
                                380,
                                100
                            ]
                        },
                        {
                            "t": 28,
                            "s": [
                                400,
                                400,
                                100
                            ]
                        }
                    ],
                    "ix": 6,
                    "l": 2
                }
            },
            "ao": 0,
            "shapes": [
                {
                    "ty": "gr",
                    "it": [
                        {
                            "ind": 0,
                            "ty": "sh",
                            "ix": 1,
                            "ks": {
                                "a": 0,
                                "k": {
                                    "i": [
                                        [
                                            0,
                                            0
                                        ],
                                        [
                                            -5.799,
                                            0
                                        ],
                                        [
                                            0,
                                            -5.735
                                        ],
                                        [
                                            4.387,
                                            -2.997
                                        ],
                                        [
                                            0.695,
                                            0.475
                                        ],
                                        [
                                            0,
                                            9.869
                                        ],
                                        [
                                            -5.799,
                                            0
                                        ]
                                    ],
                                    "o": [
                                        [
                                            0,
                                            0
                                        ],
                                        [
                                            5.799,
                                            0
                                        ],
                                        [
                                            0,
                                            9.869
                                        ],
                                        [
                                            -0.695,
                                            0.475
                                        ],
                                        [
                                            -4.387,
                                            -2.997
                                        ],
                                        [
                                            0,
                                            -5.735
                                        ],
                                        [
                                            5.799,
                                            0
                                        ]
                                    ],
                                    "v": [
                                        [
                                            0,
                                            -12.246
                                        ],
                                        [
                                            10.5,
                                            -17.496
                                        ],
                                        [
                                            21,
                                            -6.996
                                        ],
                                        [
                                            1.147,
                                            17.139
                                        ],
                                        [
                                            -1.147,
                                            17.139
                                        ],
                                        [
                                            -21,
                                            -6.996
                                        ],
                                        [
                                            -10.5,
                                            -17.496
                                        ]
                                    ],
                                    "c": true
                                },
                                "ix": 2
                            },
                            "nm": "Path 1",
                            "mn": "ADBE Vector Shape - Group",
                            "hd": false
                        },
                        {
                            "ty": "fl",
                            "c": {
                                "a": 0,
                                "k": [
                                    1,
                                    1,
                                    1,
                                    1
                                ],
                                "ix": 4
                            },
                            "o": {
                                "a": 0,
                                "k": 100,
                                "ix": 5
                            },
                            "r": 1,
                            "bm": 0,
                            "nm": "Fill 1",
                            "mn": "ADBE Vector Graphic - Fill",
                            "hd": false
                        },
                        {
                            "ty": "tr",
                            "p": {
                                "a": 0,
                                "k": [
                                    0,
                                    0
                                ],
                                "ix": 2
                            },
                            "a": {
                                "a": 0,
                                "k": [
                                    0,
                                    0
                                ],
                                "ix": 1
                            },
                            "s": {
                                "a": 0,
                                "k": [
                                    100,
                                    100
                                ],
                                "ix": 3
                            },
                            "r": {
                                "a": 0,
                                "k": 0,
                                "ix": 6
                            },
                            "o": {
                                "a": 0,
                                "k": 100,
                                "ix": 7
                            },
                            "sk": {
                                "a": 0,
                                "k": 0,
                                "ix": 4
                            },
                            "sa": {
                                "a": 0,
                                "k": 0,
                                "ix": 5
                            },
                            "nm": "Transform"
                        }
                    ],
                    "nm": "Group 1",
                    "np": 2,
                    "cix": 2,
                    "bm": 0,
                    "ix": 1,
                    "mn": "ADBE Vector Group",
                    "hd": false
                }
            ],
            "ip": 0,
            "op": 29,
            "st": 0,
            "ct": 1,
            "bm": 0
        }
    ],
    "markers": [
        {"tm": 0, "cm": "NormalToPressed_Start", "dr": 0},
        {"tm": 9, "cm": "NormalToPressed_End", "dr": 0},
        {"tm": 9, "cm": "PointerOverToPressed_Start", "dr": 0},
        {"tm": 19, "cm": "PointerOverToPressed_End", "dr": 0},
        {"tm": 20, "cm": "PressedToNormal_Start", "dr": 0},
        {"tm": 29, "cm": "PressedToNormal_End", "dr": 0},
        {"tm": 29, "cm": "PressedToPointerOver_Start", "dr": 0},
        {"tm": 30, "cm": "PressedToPointerOver_End", "dr": 0}  
      ]
}