{"v":"5.9.6","fr":24,"ip":0,"op":28,"w":192,"h":192,"nm":"process","ddd":0,"assets":[],"layers":[{"ddd":0,"ind":1,"ty":3,"nm":"rotation","sr":1,"ks":{"o":{"a":0,"k":0,"ix":11},"r":{"a":1,"k":[{"i":{"x":[0.667],"y":[1]},"o":{"x":[0.333],"y":[0]},"t":0,"s":[0]},{"i":{"x":[0.667],"y":[1]},"o":{"x":[0.333],"y":[0]},"t":18,"s":[385]},{"t":22,"s":[360]}],"ix":10},"p":{"a":0,"k":[96,96,0],"ix":2,"l":2},"a":{"a":0,"k":[0,0,0],"ix":1,"l":2},"s":{"a":0,"k":[100,100,100],"ix":6,"l":2}},"ao":0,"ip":0,"op":29,"st":0,"bm":0},{"ddd":0,"ind":2,"ty":4,"nm":"arrow-1","parent":1,"sr":1,"ks":{"o":{"a":0,"k":100,"ix":11},"r":{"a":0,"k":0,"ix":10},"p":{"a":0,"k":[3.782,-63.85,0],"ix":2,"l":2},"a":{"a":0,"k":[99.782,32.15,0],"ix":1,"l":2},"s":{"a":0,"k":[100,100,100],"ix":6,"l":2}},"ao":0,"shapes":[{"ty":"gr","it":[{"ty":"gr","it":[{"ind":0,"ty":"sh","ix":1,"ks":{"a":1,"k":[{"i":{"x":0.667,"y":1},"o":{"x":0.333,"y":0},"t":0,"s":[{"i":[[0.245,0.008],[0,0],[-0.235,0.25],[0,0],[-0.014,-0.354],[0,0]],"o":[[0,0],[-0.342,-0.012],[0,0],[0.242,-0.259],[0,0],[0.009,0.245]],"v":[[2.391,2.969],[-2.443,2.803],[-2.72,2.132],[1.937,-2.843],[2.627,-2.586],[2.828,2.531]],"c":true}]},{"i":{"x":0.667,"y":1},"o":{"x":0.333,"y":0},"t":9,"s":[{"i":[[0.245,0.008],[0,0],[-0.235,0.25],[0,0],[-0.014,-0.354],[0,0]],"o":[[0,0],[-0.342,-0.012],[0,0],[0.242,-0.259],[0,0],[0.009,0.245]],"v":[[3.485,3.782],[-1.755,1.897],[-2.032,1.226],[1.437,-2.28],[2.127,-2.023],[3.922,3.344]],"c":true}]},{"t":18,"s":[{"i":[[0.245,0.008],[0,0],[-0.235,0.25],[0,0],[-0.014,-0.354],[0,0]],"o":[[0,0],[-0.342,-0.012],[0,0],[0.242,-0.259],[0,0],[0.009,0.245]],"v":[[2.391,2.969],[-2.443,2.803],[-2.72,2.132],[1.937,-2.843],[2.627,-2.586],[2.828,2.531]],"c":true}]}],"ix":2},"nm":"Path 1","mn":"ADBE Vector Shape - Group","hd":false},{"ty":"fl","c":{"a":0,"k":[0.207843139768,0.75686275959,0.945098042488,1],"ix":4},"o":{"a":0,"k":100,"ix":5},"r":1,"bm":0,"nm":"Fill 1","mn":"ADBE Vector Graphic - Fill","hd":false},{"ty":"tr","p":{"a":0,"k":[0,0],"ix":2},"a":{"a":0,"k":[0,0],"ix":1},"s":{"a":0,"k":[100,100],"ix":3},"r":{"a":0,"k":0,"ix":6},"o":{"a":0,"k":100,"ix":7},"sk":{"a":0,"k":0,"ix":4},"sa":{"a":0,"k":0,"ix":5},"nm":"Transform"}],"nm":"Group 1","np":2,"cix":2,"bm":0,"ix":1,"mn":"ADBE Vector Group","hd":false},{"ty":"tr","p":{"a":0,"k":[134.171,36.422],"ix":2},"a":{"a":0,"k":[0,0],"ix":1},"s":{"a":0,"k":[400,400],"ix":3},"r":{"a":0,"k":0,"ix":6},"o":{"a":0,"k":100,"ix":7},"sk":{"a":0,"k":0,"ix":4},"sa":{"a":0,"k":0,"ix":5},"nm":"Transform"}],"nm":"Layer 7","np":1,"cix":2,"bm":0,"ix":1,"mn":"ADBE Vector Group","hd":false},{"ty":"gr","it":[{"ty":"gr","it":[{"ind":0,"ty":"sh","ix":1,"ks":{"a":0,"k":{"i":[[0,0],[-0.342,0.184],[-2.732,0],[-2.382,-1.407],[0,0],[4.076,0],[2.945,-1.71],[-0.426,-0.426]],"o":[[0.275,0.275],[2.249,-1.209],[2.966,0],[0,0],[-3.162,-2.093],[-3.65,0],[-0.521,0.303],[0,0]],"v":[[-8.851,2.65],[-7.816,2.792],[-0.272,0.886],[7.843,3.114],[10.752,0.205],[-0.272,-3.114],[-10.285,-0.421],[-10.49,1.011]],"c":true},"ix":2},"nm":"Path 1","mn":"ADBE Vector Shape - Group","hd":false},{"ty":"fl","c":{"a":0,"k":[0.207843139768,0.75686275959,0.945098042488,1],"ix":4},"o":{"a":0,"k":100,"ix":5},"r":1,"bm":0,"nm":"Fill 1","mn":"ADBE Vector Graphic - Fill","hd":false},{"ty":"tr","p":{"a":0,"k":[0,0],"ix":2},"a":{"a":0,"k":[0,0],"ix":1},"s":{"a":0,"k":[100,100],"ix":3},"r":{"a":0,"k":0,"ix":6},"o":{"a":0,"k":100,"ix":7},"sk":{"a":0,"k":0,"ix":4},"sa":{"a":0,"k":0,"ix":5},"nm":"Transform"}],"nm":"Group 1","np":2,"cix":2,"bm":0,"ix":1,"mn":"ADBE Vector Group","hd":false},{"ty":"tr","p":{"a":0,"k":[97.087,28.456],"ix":2},"a":{"a":0,"k":[0,0],"ix":1},"s":{"a":0,"k":[400,400],"ix":3},"r":{"a":0,"k":0,"ix":6},"o":{"a":0,"k":100,"ix":7},"sk":{"a":0,"k":0,"ix":4},"sa":{"a":0,"k":0,"ix":5},"nm":"Transform"}],"nm":"Layer 5","np":1,"cix":2,"bm":0,"ix":2,"mn":"ADBE Vector Group","hd":false}],"ip":0,"op":29,"st":0,"ct":1,"bm":0},{"ddd":0,"ind":3,"ty":4,"nm":"arrow-2","parent":1,"sr":1,"ks":{"o":{"a":0,"k":100,"ix":11},"r":{"a":0,"k":0,"ix":10},"p":{"a":0,"k":[-3.769,63.85,0],"ix":2,"l":2},"a":{"a":0,"k":[92.231,159.85,0],"ix":1,"l":2},"s":{"a":0,"k":[100,100,100],"ix":6,"l":2}},"ao":0,"shapes":[{"ty":"gr","it":[{"ty":"gr","it":[{"ind":0,"ty":"sh","ix":1,"ks":{"a":1,"k":[{"i":{"x":0.667,"y":1},"o":{"x":0.333,"y":0},"t":0,"s":[{"i":[[-0.245,-0.008],[0,0],[0.235,-0.25],[0,0],[0.014,0.354],[0,0]],"o":[[0,0],[0.342,0.012],[0,0],[-0.242,0.259],[0,0],[-0.009,-0.245]],"v":[[-2.391,-2.969],[2.443,-2.803],[2.72,-2.132],[-1.937,2.843],[-2.627,2.586],[-2.828,-2.531]],"c":true}]},{"i":{"x":0.667,"y":1},"o":{"x":0.333,"y":0},"t":9,"s":[{"i":[[-0.245,-0.008],[0,0],[0.235,-0.25],[0,0],[0.014,0.354],[0,0]],"o":[[0,0],[0.342,0.012],[0,0],[-0.242,0.259],[0,0],[-0.009,-0.245]],"v":[[-3.485,-3.907],[1.63,-1.897],[1.907,-1.226],[-1.469,2.155],[-2.159,1.898],[-3.922,-3.469]],"c":true}]},{"t":18,"s":[{"i":[[-0.245,-0.008],[0,0],[0.235,-0.25],[0,0],[0.014,0.354],[0,0]],"o":[[0,0],[0.342,0.012],[0,0],[-0.242,0.259],[0,0],[-0.009,-0.245]],"v":[[-2.391,-2.969],[2.443,-2.803],[2.72,-2.132],[-1.937,2.843],[-2.627,2.586],[-2.828,-2.531]],"c":true}]}],"ix":2},"nm":"Path 1","mn":"ADBE Vector Shape - Group","hd":false},{"ty":"fl","c":{"a":0,"k":[0,0.470588237047,0.831372559071,1],"ix":4},"o":{"a":0,"k":100,"ix":5},"r":1,"bm":0,"nm":"Fill 1","mn":"ADBE Vector Graphic - Fill","hd":false},{"ty":"tr","p":{"a":0,"k":[0,0],"ix":2},"a":{"a":0,"k":[0,0],"ix":1},"s":{"a":0,"k":[100,100],"ix":3},"r":{"a":0,"k":0,"ix":6},"o":{"a":0,"k":100,"ix":7},"sk":{"a":0,"k":0,"ix":4},"sa":{"a":0,"k":0,"ix":5},"nm":"Transform"}],"nm":"Group 1","np":2,"cix":2,"bm":0,"ix":1,"mn":"ADBE Vector Group","hd":false},{"ty":"tr","p":{"a":0,"k":[57.829,155.578],"ix":2},"a":{"a":0,"k":[0,0],"ix":1},"s":{"a":0,"k":[400,400],"ix":3},"r":{"a":0,"k":0,"ix":6},"o":{"a":0,"k":100,"ix":7},"sk":{"a":0,"k":0,"ix":4},"sa":{"a":0,"k":0,"ix":5},"nm":"Transform"}],"nm":"Layer 8","np":1,"cix":2,"bm":0,"ix":1,"mn":"ADBE Vector Group","hd":false},{"ty":"gr","it":[{"ty":"gr","it":[{"ind":0,"ty":"sh","ix":1,"ks":{"a":0,"k":{"i":[[0,0],[0.342,-0.184],[2.732,0],[2.382,1.407],[0,0],[-4.075,0],[-2.955,1.726],[0.412,0.411]],"o":[[-0.275,-0.275],[-2.249,1.209],[-2.966,0],[0,0],[3.161,2.094],[3.668,0],[0.502,-0.293],[0,0]],"v":[[8.847,-2.65],[7.812,-2.792],[0.268,-0.886],[-7.847,-3.114],[-10.755,-0.206],[0.268,3.114],[10.326,0.395],[10.487,-1.01]],"c":true},"ix":2},"nm":"Path 1","mn":"ADBE Vector Shape - Group","hd":false},{"ty":"fl","c":{"a":0,"k":[0,0.470588237047,0.831372559071,1],"ix":4},"o":{"a":0,"k":100,"ix":5},"r":1,"bm":0,"nm":"Fill 1","mn":"ADBE Vector Graphic - Fill","hd":false},{"ty":"tr","p":{"a":0,"k":[0,0],"ix":2},"a":{"a":0,"k":[0,0],"ix":1},"s":{"a":0,"k":[100,100],"ix":3},"r":{"a":0,"k":0,"ix":6},"o":{"a":0,"k":100,"ix":7},"sk":{"a":0,"k":0,"ix":4},"sa":{"a":0,"k":0,"ix":5},"nm":"Transform"}],"nm":"Group 1","np":2,"cix":2,"bm":0,"ix":1,"mn":"ADBE Vector Group","hd":false},{"ty":"tr","p":{"a":0,"k":[94.928,163.544],"ix":2},"a":{"a":0,"k":[0,0],"ix":1},"s":{"a":0,"k":[400,400],"ix":3},"r":{"a":0,"k":0,"ix":6},"o":{"a":0,"k":100,"ix":7},"sk":{"a":0,"k":0,"ix":4},"sa":{"a":0,"k":0,"ix":5},"nm":"Transform"}],"nm":"Layer 6","np":1,"cix":2,"bm":0,"ix":2,"mn":"ADBE Vector Group","hd":false}],"ip":0,"op":29,"st":0,"ct":1,"bm":0},{"ddd":0,"ind":4,"ty":4,"nm":"arrow-3","parent":1,"sr":1,"ks":{"o":{"a":0,"k":100,"ix":11},"r":{"a":0,"k":0,"ix":10},"p":{"a":0,"k":[63.85,3.77,0],"ix":2,"l":2},"a":{"a":0,"k":[159.85,99.77,0],"ix":1,"l":2},"s":{"a":0,"k":[100,100,100],"ix":6,"l":2}},"ao":0,"shapes":[{"ty":"gr","it":[{"ty":"gr","it":[{"ind":0,"ty":"sh","ix":1,"ks":{"a":1,"k":[{"i":{"x":0.667,"y":1},"o":{"x":0.333,"y":0},"t":0,"s":[{"i":[[-0.008,0.245],[0,0],[-0.25,-0.235],[0,0],[0.354,-0.014],[0,0]],"o":[[0,0],[0.012,-0.342],[0,0],[0.259,0.242],[0,0],[-0.245,0.009]],"v":[[-2.969,2.391],[-2.803,-2.443],[-2.132,-2.72],[2.843,1.937],[2.586,2.627],[-2.531,2.828]],"c":true}]},{"i":{"x":0.667,"y":1},"o":{"x":0.333,"y":0},"t":9,"s":[{"i":[[-0.008,0.245],[0,0],[-0.25,-0.235],[0,0],[0.354,-0.014],[0,0]],"o":[[0,0],[0.012,-0.342],[0,0],[0.259,0.242],[0,0],[-0.245,0.009]],"v":[[-4.313,3.704],[-1.928,-1.661],[-1.257,-1.938],[2.405,1.594],[2.148,2.284],[-3.875,4.141]],"c":true}]},{"t":18,"s":[{"i":[[-0.008,0.245],[0,0],[-0.25,-0.235],[0,0],[0.354,-0.014],[0,0]],"o":[[0,0],[0.012,-0.342],[0,0],[0.259,0.242],[0,0],[-0.245,0.009]],"v":[[-2.969,2.391],[-2.803,-2.443],[-2.132,-2.72],[2.843,1.937],[2.586,2.627],[-2.531,2.828]],"c":true}]}],"ix":2},"nm":"Path 1","mn":"ADBE Vector Shape - Group","hd":false},{"ty":"fl","c":{"a":0,"k":[0.098039217293,0.607843160629,0.886274516582,1],"ix":4},"o":{"a":0,"k":100,"ix":5},"r":1,"bm":0,"nm":"Fill 1","mn":"ADBE Vector Graphic - Fill","hd":false},{"ty":"tr","p":{"a":0,"k":[0,0],"ix":2},"a":{"a":0,"k":[0,0],"ix":1},"s":{"a":0,"k":[100,100],"ix":3},"r":{"a":0,"k":0,"ix":6},"o":{"a":0,"k":100,"ix":7},"sk":{"a":0,"k":0,"ix":4},"sa":{"a":0,"k":0,"ix":5},"nm":"Transform"}],"nm":"Group 1","np":2,"cix":2,"bm":0,"ix":1,"mn":"ADBE Vector Group","hd":false},{"ty":"tr","p":{"a":0,"k":[155.578,134.171],"ix":2},"a":{"a":0,"k":[0,0],"ix":1},"s":{"a":0,"k":[400,400],"ix":3},"r":{"a":0,"k":0,"ix":6},"o":{"a":0,"k":100,"ix":7},"sk":{"a":0,"k":0,"ix":4},"sa":{"a":0,"k":0,"ix":5},"nm":"Transform"}],"nm":"Layer 9","np":1,"cix":2,"bm":0,"ix":1,"mn":"ADBE Vector Group","hd":false},{"ty":"gr","it":[{"ty":"gr","it":[{"ind":0,"ty":"sh","ix":1,"ks":{"a":0,"k":{"i":[[0,-2.732],[1.407,-2.382],[0,0],[0,4.075],[1.726,2.955],[0.411,-0.411],[0,0],[-0.184,-0.342]],"o":[[0,2.966],[0,0],[2.094,-3.161],[0,-3.668],[-0.293,-0.502],[0,0],[-0.275,0.275],[1.209,2.249]],"v":[[-0.886,-0.268],[-3.114,7.847],[-0.206,10.755],[3.114,-0.268],[0.395,-10.326],[-1.01,-10.487],[-2.65,-8.847],[-2.792,-7.812]],"c":true},"ix":2},"nm":"Path 1","mn":"ADBE Vector Shape - Group","hd":false},{"ty":"fl","c":{"a":0,"k":[0.098039217293,0.607843160629,0.886274516582,1],"ix":4},"o":{"a":0,"k":100,"ix":5},"r":1,"bm":0,"nm":"Fill 1","mn":"ADBE Vector Graphic - Fill","hd":false},{"ty":"tr","p":{"a":0,"k":[0,0],"ix":2},"a":{"a":0,"k":[0,0],"ix":1},"s":{"a":0,"k":[100,100],"ix":3},"r":{"a":0,"k":0,"ix":6},"o":{"a":0,"k":100,"ix":7},"sk":{"a":0,"k":0,"ix":4},"sa":{"a":0,"k":0,"ix":5},"nm":"Transform"}],"nm":"Group 1","np":2,"cix":2,"bm":0,"ix":1,"mn":"ADBE Vector Group","hd":false},{"ty":"tr","p":{"a":0,"k":[163.544,97.073],"ix":2},"a":{"a":0,"k":[0,0],"ix":1},"s":{"a":0,"k":[400,400],"ix":3},"r":{"a":0,"k":0,"ix":6},"o":{"a":0,"k":100,"ix":7},"sk":{"a":0,"k":0,"ix":4},"sa":{"a":0,"k":0,"ix":5},"nm":"Transform"}],"nm":"Layer 4","np":1,"cix":2,"bm":0,"ix":2,"mn":"ADBE Vector Group","hd":false}],"ip":0,"op":29,"st":0,"ct":1,"bm":0},{"ddd":0,"ind":5,"ty":4,"nm":"arrow-4","parent":1,"sr":1,"ks":{"o":{"a":0,"k":100,"ix":11},"r":{"a":0,"k":0,"ix":10},"p":{"a":0,"k":[-63.85,-3.769,0],"ix":2,"l":2},"a":{"a":0,"k":[32.15,92.231,0],"ix":1,"l":2},"s":{"a":0,"k":[100,100,100],"ix":6,"l":2}},"ao":0,"shapes":[{"ty":"gr","it":[{"ty":"gr","it":[{"ind":0,"ty":"sh","ix":1,"ks":{"a":1,"k":[{"i":{"x":0.667,"y":1},"o":{"x":0.333,"y":0},"t":0,"s":[{"i":[[0.008,-0.245],[0,0],[0.25,0.235],[0,0],[-0.354,0.014],[0,0]],"o":[[0,0],[-0.012,0.342],[0,0],[-0.259,-0.242],[0,0],[0.246,-0.009]],"v":[[2.97,-2.391],[2.804,2.443],[2.133,2.72],[-2.843,-1.937],[-2.586,-2.627],[2.531,-2.828]],"c":true}]},{"i":{"x":0.667,"y":1},"o":{"x":0.333,"y":0},"t":9,"s":[{"i":[[0.008,-0.245],[0,0],[0.25,0.235],[0,0],[-0.354,0.014],[0,0]],"o":[[0,0],[-0.012,0.342],[0,0],[-0.259,-0.242],[0,0],[0.246,-0.009]],"v":[[4.439,-4.391],[2.023,1.818],[1.352,2.095],[-2.249,-1.531],[-1.992,-2.221],[4,-4.828]],"c":true}]},{"t":18,"s":[{"i":[[0.008,-0.245],[0,0],[0.25,0.235],[0,0],[-0.354,0.014],[0,0]],"o":[[0,0],[-0.012,0.342],[0,0],[-0.259,-0.242],[0,0],[0.246,-0.009]],"v":[[2.97,-2.391],[2.804,2.443],[2.133,2.72],[-2.843,-1.937],[-2.586,-2.627],[2.531,-2.828]],"c":true}]}],"ix":2},"nm":"Path 1","mn":"ADBE Vector Shape - Group","hd":false},{"ty":"fl","c":{"a":0,"k":[0.313725501299,0.901960790157,1,1],"ix":4},"o":{"a":0,"k":100,"ix":5},"r":1,"bm":0,"nm":"Fill 1","mn":"ADBE Vector Graphic - Fill","hd":false},{"ty":"tr","p":{"a":0,"k":[0,0],"ix":2},"a":{"a":0,"k":[0,0],"ix":1},"s":{"a":0,"k":[100,100],"ix":3},"r":{"a":0,"k":0,"ix":6},"o":{"a":0,"k":100,"ix":7},"sk":{"a":0,"k":0,"ix":4},"sa":{"a":0,"k":0,"ix":5},"nm":"Transform"}],"nm":"Group 1","np":2,"cix":2,"bm":0,"ix":1,"mn":"ADBE Vector Group","hd":false},{"ty":"tr","p":{"a":0,"k":[36.42,57.829],"ix":2},"a":{"a":0,"k":[0,0],"ix":1},"s":{"a":0,"k":[400,400],"ix":3},"r":{"a":0,"k":0,"ix":6},"o":{"a":0,"k":100,"ix":7},"sk":{"a":0,"k":0,"ix":4},"sa":{"a":0,"k":0,"ix":5},"nm":"Transform"}],"nm":"Layer 110","np":1,"cix":2,"bm":0,"ix":1,"mn":"ADBE Vector Group","hd":false},{"ty":"gr","it":[{"ty":"gr","it":[{"ind":0,"ty":"sh","ix":1,"ks":{"a":0,"k":{"i":[[-1.407,2.382],[0,0],[0,-4.076],[-1.726,-2.955],[-0.411,0.412],[0,0],[0.184,0.342],[0,2.732]],"o":[[0,0],[-2.094,3.161],[0,3.668],[0.293,0.502],[0,0],[0.275,-0.275],[-1.209,-2.249],[0,-2.966]],"v":[[3.114,-7.847],[0.206,-10.755],[-3.114,0.268],[-0.395,10.326],[1.01,10.487],[2.65,8.847],[2.792,7.812],[0.886,0.268]],"c":true},"ix":2},"nm":"Path 1","mn":"ADBE Vector Shape - Group","hd":false},{"ty":"fl","c":{"a":0,"k":[0.313725501299,0.901960790157,1,1],"ix":4},"o":{"a":0,"k":100,"ix":5},"r":1,"bm":0,"nm":"Fill 1","mn":"ADBE Vector Graphic - Fill","hd":false},{"ty":"tr","p":{"a":0,"k":[0,0],"ix":2},"a":{"a":0,"k":[0,0],"ix":1},"s":{"a":0,"k":[100,100],"ix":3},"r":{"a":0,"k":0,"ix":6},"o":{"a":0,"k":100,"ix":7},"sk":{"a":0,"k":0,"ix":4},"sa":{"a":0,"k":0,"ix":5},"nm":"Transform"}],"nm":"Group 1","np":2,"cix":2,"bm":0,"ix":1,"mn":"ADBE Vector Group","hd":false},{"ty":"tr","p":{"a":0,"k":[28.456,94.928],"ix":2},"a":{"a":0,"k":[0,0],"ix":1},"s":{"a":0,"k":[400,400],"ix":3},"r":{"a":0,"k":0,"ix":6},"o":{"a":0,"k":100,"ix":7},"sk":{"a":0,"k":0,"ix":4},"sa":{"a":0,"k":0,"ix":5},"nm":"Transform"}],"nm":"Layer 3","np":1,"cix":2,"bm":0,"ix":2,"mn":"ADBE Vector Group","hd":false}],"ip":0,"op":29,"st":0,"ct":1,"bm":0}],"markers":[
      {"tm": 0, "cm": "NormalToPressed_Start", "dr": 0},
      {"tm": 9, "cm": "NormalToPressed_End", "dr": 0},
      {"tm": 9, "cm": "PointerOverToPressed_Start", "dr": 0},
      {"tm": 19, "cm": "PointerOverToPressed_End", "dr": 0},
      {"tm": 20, "cm": "PressedToNormal_Start", "dr": 0},
      {"tm": 29, "cm": "PressedToNormal_End", "dr": 0},
      {"tm": 29, "cm": "PressedToPointerOver_Start", "dr": 0},
      {"tm": 30, "cm": "PressedToPointerOver_End", "dr": 0}  
]}