{
    "v": "5.9.6",
    "fr": 24,
    "ip": 0,
    "op": 28,
    "w": 192,
    "h": 192,
    "nm": "bursts",
    "ddd": 0,
    "assets": [],
    "layers": [
        {
            "ddd": 0,
            "ind": 1,
            "ty": 4,
            "nm": "cart-1",
            "sr": 1,
            "ks": {
                "o": {
                    "a": 0,
                    "k": 100,
                    "ix": 11
                },
                "r": {
                    "a": 0,
                    "k": 0,
                    "ix": 10
                },
                "p": {
                    "a": 1,
                    "k": [
                        {
                            "i": {
                                "x": 0.667,
                                "y": 1
                            },
                            "o": {
                                "x": 0.333,
                                "y": 0
                            },
                            "t": 0,
                            "s": [
                                116,
                                112,
                                0
                            ],
                            "to": [
                                -1.5,
                                -1.75,
                                0
                            ],
                            "ti": [
                                -1,
                                -0.667,
                                0
                            ]
                        },
                        {
                            "i": {
                                "x": 0.678,
                                "y": 1
                            },
                            "o": {
                                "x": 0.638,
                                "y": 0
                            },
                            "t": 3,
                            "s": [
                                107,
                                101.5,
                                0
                            ],
                            "to": [
                                1,
                                0.667,
                                0
                            ],
                            "ti": [
                                0,
                                0,
                                0
                            ]
                        },
                        {
                            "i": {
                                "x": 0.667,
                                "y": 1
                            },
                            "o": {
                                "x": 0.333,
                                "y": 0
                            },
                            "t": 13,
                            "s": [
                                122,
                                116,
                                0
                            ],
                            "to": [
                                0,
                                0,
                                0
                            ],
                            "ti": [
                                1,
                                0.667,
                                0
                            ]
                        },
                        {
                            "i": {
                                "x": 0.667,
                                "y": 1
                            },
                            "o": {
                                "x": 0.333,
                                "y": 0
                            },
                            "t": 18,
                            "s": [
                                107,
                                101.5,
                                0
                            ],
                            "to": [
                                -1,
                                -0.667,
                                0
                            ],
                            "ti": [
                                -1.5,
                                -1.75,
                                0
                            ]
                        },
                        {
                            "t": 23,
                            "s": [
                                116,
                                112,
                                0
                            ]
                        }
                    ],
                    "ix": 2,
                    "l": 2
                },
                "a": {
                    "a": 0,
                    "k": [
                        0,
                        0,
                        0
                    ],
                    "ix": 1,
                    "l": 2
                },
                "s": {
                    "a": 0,
                    "k": [
                        400,
                        400,
                        100
                    ],
                    "ix": 6,
                    "l": 2
                }
            },
            "ao": 0,
            "shapes": [
                {
                    "ty": "gr",
                    "it": [
                        {
                            "ind": 0,
                            "ty": "sh",
                            "ix": 1,
                            "ks": {
                                "a": 0,
                                "k": {
                                    "i": [
                                        [
                                            -0.403,
                                            0.139
                                        ],
                                        [
                                            0,
                                            0
                                        ],
                                        [
                                            0,
                                            -0.687
                                        ],
                                        [
                                            0,
                                            0
                                        ],
                                        [
                                            0.403,
                                            -0.139
                                        ],
                                        [
                                            0,
                                            0
                                        ],
                                        [
                                            0,
                                            0.687
                                        ],
                                        [
                                            0,
                                            0
                                        ]
                                    ],
                                    "o": [
                                        [
                                            0,
                                            0
                                        ],
                                        [
                                            0.649,
                                            -0.224
                                        ],
                                        [
                                            0,
                                            0
                                        ],
                                        [
                                            0,
                                            0.426
                                        ],
                                        [
                                            0,
                                            0
                                        ],
                                        [
                                            -0.649,
                                            0.224
                                        ],
                                        [
                                            0,
                                            0
                                        ],
                                        [
                                            0,
                                            -0.426
                                        ]
                                    ],
                                    "v": [
                                        [
                                            -12.327,
                                            -6.233
                                        ],
                                        [
                                            11.673,
                                            -14.541
                                        ],
                                        [
                                            13,
                                            -13.596
                                        ],
                                        [
                                            13,
                                            5.288
                                        ],
                                        [
                                            12.327,
                                            6.233
                                        ],
                                        [
                                            -11.673,
                                            14.541
                                        ],
                                        [
                                            -13,
                                            13.596
                                        ],
                                        [
                                            -13,
                                            -5.288
                                        ]
                                    ],
                                    "c": true
                                },
                                "ix": 2
                            },
                            "nm": "Path 1",
                            "mn": "ADBE Vector Shape - Group",
                            "hd": false
                        },
                        {
                            "ty": "fl",
                            "c": {
                                "a": 0,
                                "k": [
                                    0.050980392843,
                                    0.384313732386,
                                    0.670588254929,
                                    1
                                ],
                                "ix": 4
                            },
                            "o": {
                                "a": 0,
                                "k": 100,
                                "ix": 5
                            },
                            "r": 1,
                            "bm": 0,
                            "nm": "Fill 1",
                            "mn": "ADBE Vector Graphic - Fill",
                            "hd": false
                        },
                        {
                            "ty": "tr",
                            "p": {
                                "a": 0,
                                "k": [
                                    0,
                                    0
                                ],
                                "ix": 2
                            },
                            "a": {
                                "a": 0,
                                "k": [
                                    0,
                                    0
                                ],
                                "ix": 1
                            },
                            "s": {
                                "a": 0,
                                "k": [
                                    100,
                                    100
                                ],
                                "ix": 3
                            },
                            "r": {
                                "a": 0,
                                "k": 0,
                                "ix": 6
                            },
                            "o": {
                                "a": 0,
                                "k": 100,
                                "ix": 7
                            },
                            "sk": {
                                "a": 0,
                                "k": 0,
                                "ix": 4
                            },
                            "sa": {
                                "a": 0,
                                "k": 0,
                                "ix": 5
                            },
                            "nm": "Transform"
                        }
                    ],
                    "nm": "Group 1",
                    "np": 2,
                    "cix": 2,
                    "bm": 0,
                    "ix": 1,
                    "mn": "ADBE Vector Group",
                    "hd": false
                }
            ],
            "ip": 0,
            "op": 29,
            "st": 0,
            "ct": 1,
            "bm": 0
        },
        {
            "ddd": 0,
            "ind": 2,
            "ty": 4,
            "nm": "cart-2",
            "sr": 1,
            "ks": {
                "o": {
                    "a": 0,
                    "k": 100,
                    "ix": 11
                },
                "r": {
                    "a": 0,
                    "k": 0,
                    "ix": 10
                },
                "p": {
                    "a": 0,
                    "k": [
                        96,
                        92,
                        0
                    ],
                    "ix": 2,
                    "l": 2
                },
                "a": {
                    "a": 0,
                    "k": [
                        0,
                        0,
                        0
                    ],
                    "ix": 1,
                    "l": 2
                },
                "s": {
                    "a": 0,
                    "k": [
                        400,
                        400,
                        100
                    ],
                    "ix": 6,
                    "l": 2
                }
            },
            "ao": 0,
            "shapes": [
                {
                    "ty": "gr",
                    "it": [
                        {
                            "ind": 0,
                            "ty": "sh",
                            "ix": 1,
                            "ks": {
                                "a": 1,
                                "k": [
                                    {
                                        "i": {
                                            "x": 0.667,
                                            "y": 1
                                        },
                                        "o": {
                                            "x": 0.333,
                                            "y": 0
                                        },
                                        "t": 3,
                                        "s": [
                                            {
                                                "i": [
                                                    [
                                                        -0.403,
                                                        0.139
                                                    ],
                                                    [
                                                        0,
                                                        0
                                                    ],
                                                    [
                                                        0,
                                                        -0.687
                                                    ],
                                                    [
                                                        0,
                                                        0
                                                    ],
                                                    [
                                                        0.403,
                                                        -0.139
                                                    ],
                                                    [
                                                        0,
                                                        0
                                                    ],
                                                    [
                                                        0,
                                                        0.687
                                                    ],
                                                    [
                                                        0,
                                                        0
                                                    ]
                                                ],
                                                "o": [
                                                    [
                                                        0,
                                                        0
                                                    ],
                                                    [
                                                        0.649,
                                                        -0.224
                                                    ],
                                                    [
                                                        0,
                                                        0
                                                    ],
                                                    [
                                                        0,
                                                        0.426
                                                    ],
                                                    [
                                                        0,
                                                        0
                                                    ],
                                                    [
                                                        -0.649,
                                                        0.224
                                                    ],
                                                    [
                                                        0,
                                                        0
                                                    ],
                                                    [
                                                        0,
                                                        -0.426
                                                    ]
                                                ],
                                                "v": [
                                                    [
                                                        -12.327,
                                                        -6.233
                                                    ],
                                                    [
                                                        11.673,
                                                        -14.541
                                                    ],
                                                    [
                                                        13,
                                                        -13.596
                                                    ],
                                                    [
                                                        13,
                                                        5.288
                                                    ],
                                                    [
                                                        12.327,
                                                        6.233
                                                    ],
                                                    [
                                                        -11.673,
                                                        14.541
                                                    ],
                                                    [
                                                        -13,
                                                        13.596
                                                    ],
                                                    [
                                                        -13,
                                                        -5.288
                                                    ]
                                                ],
                                                "c": true
                                            }
                                        ]
                                    },
                                    {
                                        "i": {
                                            "x": 0.667,
                                            "y": 1
                                        },
                                        "o": {
                                            "x": 0.333,
                                            "y": 0
                                        },
                                        "t": 13,
                                        "s": [
                                            {
                                                "i": [
                                                    [
                                                        -0.403,
                                                        0.139
                                                    ],
                                                    [
                                                        0,
                                                        0
                                                    ],
                                                    [
                                                        0,
                                                        -0.687
                                                    ],
                                                    [
                                                        0,
                                                        0
                                                    ],
                                                    [
                                                        0.403,
                                                        -0.139
                                                    ],
                                                    [
                                                        0,
                                                        0
                                                    ],
                                                    [
                                                        0,
                                                        0.687
                                                    ],
                                                    [
                                                        0,
                                                        0
                                                    ]
                                                ],
                                                "o": [
                                                    [
                                                        0,
                                                        0
                                                    ],
                                                    [
                                                        0.649,
                                                        -0.224
                                                    ],
                                                    [
                                                        0,
                                                        0
                                                    ],
                                                    [
                                                        0,
                                                        0.426
                                                    ],
                                                    [
                                                        0,
                                                        0
                                                    ],
                                                    [
                                                        -0.649,
                                                        0.224
                                                    ],
                                                    [
                                                        0,
                                                        0
                                                    ],
                                                    [
                                                        0,
                                                        -0.426
                                                    ]
                                                ],
                                                "v": [
                                                    [
                                                        -11.077,
                                                        -5.108
                                                    ],
                                                    [
                                                        10.048,
                                                        -12.291
                                                    ],
                                                    [
                                                        11.375,
                                                        -11.346
                                                    ],
                                                    [
                                                        11.375,
                                                        3.788
                                                    ],
                                                    [
                                                        10.702,
                                                        4.733
                                                    ],
                                                    [
                                                        -10.423,
                                                        11.916
                                                    ],
                                                    [
                                                        -11.75,
                                                        10.971
                                                    ],
                                                    [
                                                        -11.75,
                                                        -4.163
                                                    ]
                                                ],
                                                "c": true
                                            }
                                        ]
                                    },
                                    {
                                        "i": {
                                            "x": 0.667,
                                            "y": 1
                                        },
                                        "o": {
                                            "x": 0.333,
                                            "y": 0
                                        },
                                        "t": 18,
                                        "s": [
                                            {
                                                "i": [
                                                    [
                                                        -0.403,
                                                        0.139
                                                    ],
                                                    [
                                                        0,
                                                        0
                                                    ],
                                                    [
                                                        0,
                                                        -0.687
                                                    ],
                                                    [
                                                        0,
                                                        0
                                                    ],
                                                    [
                                                        0.403,
                                                        -0.139
                                                    ],
                                                    [
                                                        0,
                                                        0
                                                    ],
                                                    [
                                                        0,
                                                        0.687
                                                    ],
                                                    [
                                                        0,
                                                        0
                                                    ]
                                                ],
                                                "o": [
                                                    [
                                                        0,
                                                        0
                                                    ],
                                                    [
                                                        0.649,
                                                        -0.224
                                                    ],
                                                    [
                                                        0,
                                                        0
                                                    ],
                                                    [
                                                        0,
                                                        0.426
                                                    ],
                                                    [
                                                        0,
                                                        0
                                                    ],
                                                    [
                                                        -0.649,
                                                        0.224
                                                    ],
                                                    [
                                                        0,
                                                        0
                                                    ],
                                                    [
                                                        0,
                                                        -0.426
                                                    ]
                                                ],
                                                "v": [
                                                    [
                                                        -14.327,
                                                        -8.858
                                                    ],
                                                    [
                                                        12.673,
                                                        -18.291
                                                    ],
                                                    [
                                                        14,
                                                        -17.346
                                                    ],
                                                    [
                                                        14,
                                                        6.038
                                                    ],
                                                    [
                                                        13.327,
                                                        6.983
                                                    ],
                                                    [
                                                        -13.673,
                                                        16.416
                                                    ],
                                                    [
                                                        -15,
                                                        15.471
                                                    ],
                                                    [
                                                        -15,
                                                        -7.913
                                                    ]
                                                ],
                                                "c": true
                                            }
                                        ]
                                    },
                                    {
                                        "t": 23,
                                        "s": [
                                            {
                                                "i": [
                                                    [
                                                        -0.403,
                                                        0.139
                                                    ],
                                                    [
                                                        0,
                                                        0
                                                    ],
                                                    [
                                                        0,
                                                        -0.687
                                                    ],
                                                    [
                                                        0,
                                                        0
                                                    ],
                                                    [
                                                        0.403,
                                                        -0.139
                                                    ],
                                                    [
                                                        0,
                                                        0
                                                    ],
                                                    [
                                                        0,
                                                        0.687
                                                    ],
                                                    [
                                                        0,
                                                        0
                                                    ]
                                                ],
                                                "o": [
                                                    [
                                                        0,
                                                        0
                                                    ],
                                                    [
                                                        0.649,
                                                        -0.224
                                                    ],
                                                    [
                                                        0,
                                                        0
                                                    ],
                                                    [
                                                        0,
                                                        0.426
                                                    ],
                                                    [
                                                        0,
                                                        0
                                                    ],
                                                    [
                                                        -0.649,
                                                        0.224
                                                    ],
                                                    [
                                                        0,
                                                        0
                                                    ],
                                                    [
                                                        0,
                                                        -0.426
                                                    ]
                                                ],
                                                "v": [
                                                    [
                                                        -12.327,
                                                        -6.233
                                                    ],
                                                    [
                                                        11.673,
                                                        -14.541
                                                    ],
                                                    [
                                                        13,
                                                        -13.596
                                                    ],
                                                    [
                                                        13,
                                                        5.288
                                                    ],
                                                    [
                                                        12.327,
                                                        6.233
                                                    ],
                                                    [
                                                        -11.673,
                                                        14.541
                                                    ],
                                                    [
                                                        -13,
                                                        13.596
                                                    ],
                                                    [
                                                        -13,
                                                        -5.288
                                                    ]
                                                ],
                                                "c": true
                                            }
                                        ]
                                    }
                                ],
                                "ix": 2
                            },
                            "nm": "Path 1",
                            "mn": "ADBE Vector Shape - Group",
                            "hd": false
                        },
                        {
                            "ty": "fl",
                            "c": {
                                "a": 0,
                                "k": [
                                    0.098039217293,
                                    0.607843160629,
                                    0.886274516582,
                                    1
                                ],
                                "ix": 4
                            },
                            "o": {
                                "a": 0,
                                "k": 100,
                                "ix": 5
                            },
                            "r": 1,
                            "bm": 0,
                            "nm": "Fill 1",
                            "mn": "ADBE Vector Graphic - Fill",
                            "hd": false
                        },
                        {
                            "ty": "tr",
                            "p": {
                                "a": 0,
                                "k": [
                                    0,
                                    0
                                ],
                                "ix": 2
                            },
                            "a": {
                                "a": 0,
                                "k": [
                                    0,
                                    0
                                ],
                                "ix": 1
                            },
                            "s": {
                                "a": 0,
                                "k": [
                                    100,
                                    100
                                ],
                                "ix": 3
                            },
                            "r": {
                                "a": 0,
                                "k": 0,
                                "ix": 6
                            },
                            "o": {
                                "a": 0,
                                "k": 100,
                                "ix": 7
                            },
                            "sk": {
                                "a": 0,
                                "k": 0,
                                "ix": 4
                            },
                            "sa": {
                                "a": 0,
                                "k": 0,
                                "ix": 5
                            },
                            "nm": "Transform"
                        }
                    ],
                    "nm": "Group 1",
                    "np": 2,
                    "cix": 2,
                    "bm": 0,
                    "ix": 1,
                    "mn": "ADBE Vector Group",
                    "hd": false
                }
            ],
            "ip": 0,
            "op": 29,
            "st": 0,
            "ct": 1,
            "bm": 0
        },
        {
            "ddd": 0,
            "ind": 3,
            "ty": 4,
            "nm": "cart-3",
            "sr": 1,
            "ks": {
                "o": {
                    "a": 0,
                    "k": 100,
                    "ix": 11
                },
                "r": {
                    "a": 0,
                    "k": 0,
                    "ix": 10
                },
                "p": {
                    "a": 1,
                    "k": [
                        {
                            "i": {
                                "x": 0.667,
                                "y": 1
                            },
                            "o": {
                                "x": 0.333,
                                "y": 0
                            },
                            "t": 0,
                            "s": [
                                76,
                                72,
                                0
                            ],
                            "to": [
                                1.75,
                                1.5,
                                0
                            ],
                            "ti": [
                                0.333,
                                0.417,
                                0
                            ]
                        },
                        {
                            "i": {
                                "x": 0.678,
                                "y": 1
                            },
                            "o": {
                                "x": 0.638,
                                "y": 0
                            },
                            "t": 3,
                            "s": [
                                86.5,
                                81,
                                0
                            ],
                            "to": [
                                -0.333,
                                -0.417,
                                0
                            ],
                            "ti": [
                                0,
                                0,
                                0
                            ]
                        },
                        {
                            "i": {
                                "x": 0.667,
                                "y": 1
                            },
                            "o": {
                                "x": 0.333,
                                "y": 0
                            },
                            "t": 13,
                            "s": [
                                74,
                                69.5,
                                0
                            ],
                            "to": [
                                0,
                                0,
                                0
                            ],
                            "ti": [
                                -0.333,
                                -0.417,
                                0
                            ]
                        },
                        {
                            "i": {
                                "x": 0.667,
                                "y": 1
                            },
                            "o": {
                                "x": 0.333,
                                "y": 0
                            },
                            "t": 18,
                            "s": [
                                86.5,
                                81,
                                0
                            ],
                            "to": [
                                0.333,
                                0.417,
                                0
                            ],
                            "ti": [
                                1.75,
                                1.5,
                                0
                            ]
                        },
                        {
                            "t": 23,
                            "s": [
                                76,
                                72,
                                0
                            ]
                        }
                    ],
                    "ix": 2,
                    "l": 2
                },
                "a": {
                    "a": 0,
                    "k": [
                        0,
                        0,
                        0
                    ],
                    "ix": 1,
                    "l": 2
                },
                "s": {
                    "a": 0,
                    "k": [
                        400,
                        400,
                        100
                    ],
                    "ix": 6,
                    "l": 2
                }
            },
            "ao": 0,
            "shapes": [
                {
                    "ty": "gr",
                    "it": [
                        {
                            "ind": 0,
                            "ty": "sh",
                            "ix": 1,
                            "ks": {
                                "a": 0,
                                "k": {
                                    "i": [
                                        [
                                            -0.403,
                                            0.139
                                        ],
                                        [
                                            0,
                                            0
                                        ],
                                        [
                                            0,
                                            -0.687
                                        ],
                                        [
                                            0,
                                            0
                                        ],
                                        [
                                            0.403,
                                            -0.139
                                        ],
                                        [
                                            0,
                                            0
                                        ],
                                        [
                                            0,
                                            0.687
                                        ],
                                        [
                                            0,
                                            0
                                        ]
                                    ],
                                    "o": [
                                        [
                                            0,
                                            0
                                        ],
                                        [
                                            0.649,
                                            -0.224
                                        ],
                                        [
                                            0,
                                            0
                                        ],
                                        [
                                            0,
                                            0.426
                                        ],
                                        [
                                            0,
                                            0
                                        ],
                                        [
                                            -0.649,
                                            0.224
                                        ],
                                        [
                                            0,
                                            0
                                        ],
                                        [
                                            0,
                                            -0.426
                                        ]
                                    ],
                                    "v": [
                                        [
                                            -12.327,
                                            -6.233
                                        ],
                                        [
                                            11.673,
                                            -14.541
                                        ],
                                        [
                                            13,
                                            -13.596
                                        ],
                                        [
                                            13,
                                            5.288
                                        ],
                                        [
                                            12.327,
                                            6.233
                                        ],
                                        [
                                            -11.673,
                                            14.541
                                        ],
                                        [
                                            -13,
                                            13.596
                                        ],
                                        [
                                            -13,
                                            -5.288
                                        ]
                                    ],
                                    "c": true
                                },
                                "ix": 2
                            },
                            "nm": "Path 1",
                            "mn": "ADBE Vector Shape - Group",
                            "hd": false
                        },
                        {
                            "ty": "fl",
                            "c": {
                                "a": 0,
                                "k": [
                                    0.313725501299,
                                    0.901960790157,
                                    1,
                                    1
                                ],
                                "ix": 4
                            },
                            "o": {
                                "a": 0,
                                "k": 100,
                                "ix": 5
                            },
                            "r": 1,
                            "bm": 0,
                            "nm": "Fill 1",
                            "mn": "ADBE Vector Graphic - Fill",
                            "hd": false
                        },
                        {
                            "ty": "tr",
                            "p": {
                                "a": 0,
                                "k": [
                                    0,
                                    0
                                ],
                                "ix": 2
                            },
                            "a": {
                                "a": 0,
                                "k": [
                                    0,
                                    0
                                ],
                                "ix": 1
                            },
                            "s": {
                                "a": 0,
                                "k": [
                                    100,
                                    100
                                ],
                                "ix": 3
                            },
                            "r": {
                                "a": 0,
                                "k": 0,
                                "ix": 6
                            },
                            "o": {
                                "a": 0,
                                "k": 100,
                                "ix": 7
                            },
                            "sk": {
                                "a": 0,
                                "k": 0,
                                "ix": 4
                            },
                            "sa": {
                                "a": 0,
                                "k": 0,
                                "ix": 5
                            },
                            "nm": "Transform"
                        }
                    ],
                    "nm": "Group 1",
                    "np": 2,
                    "cix": 2,
                    "bm": 0,
                    "ix": 1,
                    "mn": "ADBE Vector Group",
                    "hd": false
                }
            ],
            "ip": 0,
            "op": 29,
            "st": 0,
            "ct": 1,
            "bm": 0
        }
    ],
    "markers": [
        {"tm": 0, "cm": "NormalToPressed_Start", "dr": 0},
        {"tm": 9, "cm": "NormalToPressed_End", "dr": 0},
        {"tm": 9, "cm": "PointerOverToPressed_Start", "dr": 0},
        {"tm": 19, "cm": "PointerOverToPressed_End", "dr": 0},
        {"tm": 20, "cm": "PressedToNormal_Start", "dr": 0},
        {"tm": 29, "cm": "PressedToNormal_End", "dr": 0},
        {"tm": 29, "cm": "PressedToPointerOver_Start", "dr": 0},
        {"tm": 30, "cm": "PressedToPointerOver_End", "dr": 0}  
      ]
}