{
    "v": "5.9.6",
    "fr": 24,
    "ip": 0,
    "op": 28,
    "w": 48,
    "h": 48,
    "nm": "gog-galaxy",
    "ddd": 0,
    "assets": [],
    "layers": [
        {
            "ddd": 0,
            "ind": 1,
            "ty": 4,
            "nm": "front ring",
            "sr": 1,
            "ks": {
                "o": {
                    "a": 0,
                    "k": 100,
                    "ix": 11
                },
                "r": {
                    "a": 1,
                    "k": [
                        {
                            "i": {
                                "x": [
                                    0.833
                                ],
                                "y": [
                                    0.833
                                ]
                            },
                            "o": {
                                "x": [
                                    0.167
                                ],
                                "y": [
                                    0.167
                                ]
                            },
                            "t": 0,
                            "s": [
                                0
                            ]
                        },
                        {
                            "t": 28,
                            "s": [
                                360
                            ]
                        }
                    ],
                    "ix": 10
                },
                "p": {
                    "a": 0,
                    "k": [
                        24,
                        24,
                        0
                    ],
                    "ix": 2,
                    "l": 2
                },
                "a": {
                    "a": 0,
                    "k": [
                        0,
                        0,
                        0
                    ],
                    "ix": 1,
                    "l": 2
                },
                "s": {
                    "a": 1,
                    "k": [
                        {
                            "i": {
                                "x": [
                                    0.662,
                                    0.667,
                                    0.667
                                ],
                                "y": [
                                    1,
                                    1,
                                    1
                                ]
                            },
                            "o": {
                                "x": [
                                    0.289,
                                    0.36,
                                    0.167
                                ],
                                "y": [
                                    0.282,
                                    0.484,
                                    0
                                ]
                            },
                            "t": 0,
                            "s": [
                                100,
                                100,
                                100
                            ]
                        },
                        {
                            "i": {
                                "x": [
                                    0.662,
                                    0.627,
                                    0.833
                                ],
                                "y": [
                                    0.671,
                                    0.447,
                                    1
                                ]
                            },
                            "o": {
                                "x": [
                                    0.333,
                                    0.333,
                                    0.333
                                ],
                                "y": [
                                    0,
                                    0,
                                    0
                                ]
                            },
                            "t": 14,
                            "s": [
                                70,
                                114,
                                100
                            ]
                        },
                        {
                            "t": 28,
                            "s": [
                                100,
                                100,
                                100
                            ]
                        }
                    ],
                    "ix": 6,
                    "l": 2
                }
            },
            "ao": 0,
            "shapes": [
                {
                    "ty": "gr",
                    "it": [
                        {
                            "ind": 0,
                            "ty": "sh",
                            "ix": 1,
                            "ks": {
                                "a": 0,
                                "k": {
                                    "i": [
                                        [
                                            6.627,
                                            0
                                        ],
                                        [
                                            0,
                                            6.627
                                        ],
                                        [
                                            -6.627,
                                            0
                                        ],
                                        [
                                            0,
                                            -6.627
                                        ]
                                    ],
                                    "o": [
                                        [
                                            -6.627,
                                            0
                                        ],
                                        [
                                            0,
                                            -6.627
                                        ],
                                        [
                                            6.627,
                                            0
                                        ],
                                        [
                                            0,
                                            6.627
                                        ]
                                    ],
                                    "v": [
                                        [
                                            0,
                                            12
                                        ],
                                        [
                                            -12,
                                            0
                                        ],
                                        [
                                            0,
                                            -12
                                        ],
                                        [
                                            12,
                                            0
                                        ]
                                    ],
                                    "c": true
                                },
                                "ix": 2
                            },
                            "nm": "Path 1",
                            "mn": "ADBE Vector Shape - Group",
                            "hd": false
                        },
                        {
                            "ind": 1,
                            "ty": "sh",
                            "ix": 2,
                            "ks": {
                                "a": 0,
                                "k": {
                                    "i": [
                                        [
                                            11.046,
                                            0
                                        ],
                                        [
                                            0,
                                            -11.046
                                        ],
                                        [
                                            -11.046,
                                            0
                                        ],
                                        [
                                            0,
                                            11.046
                                        ]
                                    ],
                                    "o": [
                                        [
                                            -11.046,
                                            0
                                        ],
                                        [
                                            0,
                                            11.046
                                        ],
                                        [
                                            11.046,
                                            0
                                        ],
                                        [
                                            0,
                                            -11.046
                                        ]
                                    ],
                                    "v": [
                                        [
                                            0,
                                            -20
                                        ],
                                        [
                                            -20,
                                            0
                                        ],
                                        [
                                            0,
                                            20
                                        ],
                                        [
                                            20,
                                            0
                                        ]
                                    ],
                                    "c": true
                                },
                                "ix": 2
                            },
                            "nm": "Path 2",
                            "mn": "ADBE Vector Shape - Group",
                            "hd": false
                        },
                        {
                            "ty": "gf",
                            "o": {
                                "a": 0,
                                "k": 100,
                                "ix": 10
                            },
                            "r": 1,
                            "bm": 0,
                            "g": {
                                "p": 3,
                                "k": {
                                    "a": 0,
                                    "k": [
                                        0,
                                        0.8,
                                        0,
                                        0.929,
                                        0.5,
                                        0.606,
                                        0,
                                        0.875,
                                        1,
                                        0.412,
                                        0,
                                        0.82
                                    ],
                                    "ix": 9
                                }
                            },
                            "s": {
                                "a": 0,
                                "k": [
                                    -9,
                                    -15
                                ],
                                "ix": 5
                            },
                            "e": {
                                "a": 0,
                                "k": [
                                    6.191,
                                    12.957
                                ],
                                "ix": 6
                            },
                            "t": 1,
                            "nm": "Gradient Fill 1",
                            "mn": "ADBE Vector Graphic - G-Fill",
                            "hd": false
                        },
                        {
                            "ty": "tr",
                            "p": {
                                "a": 0,
                                "k": [
                                    0,
                                    0
                                ],
                                "ix": 2
                            },
                            "a": {
                                "a": 0,
                                "k": [
                                    0,
                                    0
                                ],
                                "ix": 1
                            },
                            "s": {
                                "a": 0,
                                "k": [
                                    100,
                                    100
                                ],
                                "ix": 3
                            },
                            "r": {
                                "a": 0,
                                "k": 0,
                                "ix": 6
                            },
                            "o": {
                                "a": 0,
                                "k": 100,
                                "ix": 7
                            },
                            "sk": {
                                "a": 0,
                                "k": 0,
                                "ix": 4
                            },
                            "sa": {
                                "a": 0,
                                "k": 0,
                                "ix": 5
                            },
                            "nm": "Transform"
                        }
                    ],
                    "nm": "front ring",
                    "np": 3,
                    "cix": 2,
                    "bm": 0,
                    "ix": 1,
                    "mn": "ADBE Vector Group",
                    "hd": false
                }
            ],
            "ip": 0,
            "op": 28,
            "st": 0,
            "ct": 1,
            "bm": 0
        },
        {
            "ddd": 0,
            "ind": 2,
            "ty": 4,
            "nm": "back ring",
            "parent": 1,
            "sr": 1,
            "ks": {
                "o": {
                    "a": 0,
                    "k": 100,
                    "ix": 11
                },
                "r": {
                    "a": 0,
                    "k": 0,
                    "ix": 10
                },
                "p": {
                    "a": 1,
                    "k": [
                        {
                            "i": {
                                "x": 0.667,
                                "y": 1
                            },
                            "o": {
                                "x": 0.167,
                                "y": 0.167
                            },
                            "t": 0,
                            "s": [
                                0,
                                0,
                                0
                            ],
                            "to": [
                                0.964,
                                0,
                                0
                            ],
                            "ti": [
                                0,
                                0,
                                0
                            ]
                        },
                        {
                            "i": {
                                "x": 0.833,
                                "y": 0.833
                            },
                            "o": {
                                "x": 0.333,
                                "y": 0
                            },
                            "t": 14,
                            "s": [
                                5.786,
                                0,
                                0
                            ],
                            "to": [
                                0,
                                0,
                                0
                            ],
                            "ti": [
                                0.964,
                                0,
                                0
                            ]
                        },
                        {
                            "t": 28,
                            "s": [
                                0,
                                0,
                                0
                            ]
                        }
                    ],
                    "ix": 2,
                    "l": 2
                },
                "a": {
                    "a": 0,
                    "k": [
                        0,
                        0,
                        0
                    ],
                    "ix": 1,
                    "l": 2
                },
                "s": {
                    "a": 0,
                    "k": [
                        100,
                        100,
                        100
                    ],
                    "ix": 6,
                    "l": 2
                }
            },
            "ao": 0,
            "shapes": [
                {
                    "ty": "gr",
                    "it": [
                        {
                            "ind": 0,
                            "ty": "sh",
                            "ix": 1,
                            "ks": {
                                "a": 0,
                                "k": {
                                    "i": [
                                        [
                                            6.627,
                                            0
                                        ],
                                        [
                                            0,
                                            6.627
                                        ],
                                        [
                                            -6.627,
                                            0
                                        ],
                                        [
                                            0,
                                            -6.627
                                        ]
                                    ],
                                    "o": [
                                        [
                                            -6.627,
                                            0
                                        ],
                                        [
                                            0,
                                            -6.627
                                        ],
                                        [
                                            6.627,
                                            0
                                        ],
                                        [
                                            0,
                                            6.627
                                        ]
                                    ],
                                    "v": [
                                        [
                                            0,
                                            12
                                        ],
                                        [
                                            -12,
                                            0
                                        ],
                                        [
                                            0,
                                            -12
                                        ],
                                        [
                                            12,
                                            0
                                        ]
                                    ],
                                    "c": true
                                },
                                "ix": 2
                            },
                            "nm": "Path 1",
                            "mn": "ADBE Vector Shape - Group",
                            "hd": false
                        },
                        {
                            "ind": 1,
                            "ty": "sh",
                            "ix": 2,
                            "ks": {
                                "a": 0,
                                "k": {
                                    "i": [
                                        [
                                            11.046,
                                            0
                                        ],
                                        [
                                            0,
                                            -11.046
                                        ],
                                        [
                                            -11.046,
                                            0
                                        ],
                                        [
                                            0,
                                            11.046
                                        ]
                                    ],
                                    "o": [
                                        [
                                            -11.046,
                                            0
                                        ],
                                        [
                                            0,
                                            11.046
                                        ],
                                        [
                                            11.046,
                                            0
                                        ],
                                        [
                                            0,
                                            -11.046
                                        ]
                                    ],
                                    "v": [
                                        [
                                            0,
                                            -20
                                        ],
                                        [
                                            -20,
                                            0
                                        ],
                                        [
                                            0,
                                            20
                                        ],
                                        [
                                            20,
                                            0
                                        ]
                                    ],
                                    "c": true
                                },
                                "ix": 2
                            },
                            "nm": "Path 2",
                            "mn": "ADBE Vector Shape - Group",
                            "hd": false
                        },
                        {
                            "ty": "fl",
                            "c": {
                                "a": 0,
                                "k": [
                                    0.305882364511,
                                    0.054901961237,
                                    0.600000023842,
                                    1
                                ],
                                "ix": 4
                            },
                            "o": {
                                "a": 0,
                                "k": 100,
                                "ix": 5
                            },
                            "r": 1,
                            "bm": 0,
                            "nm": "Fill 1",
                            "mn": "ADBE Vector Graphic - Fill",
                            "hd": false
                        },
                        {
                            "ty": "tr",
                            "p": {
                                "a": 0,
                                "k": [
                                    0,
                                    0
                                ],
                                "ix": 2
                            },
                            "a": {
                                "a": 0,
                                "k": [
                                    0,
                                    0
                                ],
                                "ix": 1
                            },
                            "s": {
                                "a": 0,
                                "k": [
                                    100,
                                    100
                                ],
                                "ix": 3
                            },
                            "r": {
                                "a": 0,
                                "k": 0,
                                "ix": 6
                            },
                            "o": {
                                "a": 0,
                                "k": 100,
                                "ix": 7
                            },
                            "sk": {
                                "a": 0,
                                "k": 0,
                                "ix": 4
                            },
                            "sa": {
                                "a": 0,
                                "k": 0,
                                "ix": 5
                            },
                            "nm": "Transform"
                        }
                    ],
                    "nm": "back ring",
                    "np": 3,
                    "cix": 2,
                    "bm": 0,
                    "ix": 1,
                    "mn": "ADBE Vector Group",
                    "hd": false
                }
            ],
            "ip": 0,
            "op": 28,
            "st": 0,
            "ct": 1,
            "bm": 0
        }
    ],
    "markers": [
        {"tm": 0, "cm": "NormalToPressed_Start", "dr": 0},
        {"tm": 9, "cm": "NormalToPressed_End", "dr": 0},
        {"tm": 9, "cm": "PointerOverToPressed_Start", "dr": 0},
        {"tm": 19, "cm": "PointerOverToPressed_End", "dr": 0},
        {"tm": 20, "cm": "PressedToNormal_Start", "dr": 0},
        {"tm": 29, "cm": "PressedToNormal_End", "dr": 0},
        {"tm": 29, "cm": "PressedToPointerOver_Start", "dr": 0},
        {"tm": 30, "cm": "PressedToPointerOver_End", "dr": 0}  
      ]
}