{
    "v": "5.6.3",
    "fr": 24,
    "ip": 0,
    "op": 28,
    "w": 50,
    "h": 50,
    "nm": "add-to-favorites",
    "ddd": 0,
    "assets": [],
    "layers": [
        {
            "ddd": 0,
            "ind": 1,
            "ty": 4,
            "nm": "plus",
            "td": 1,
            "sr": 1,
            "ks": {
                "o": {
                    "a": 0,
                    "k": 100,
                    "ix": 11
                },
                "r": {
                    "a": 0,
                    "k": 0,
                    "ix": 10
                },
                "p": {
                    "a": 0,
                    "k": [
                        25,
                        27,
                        0
                    ],
                    "ix": 2
                },
                "a": {
                    "a": 0,
                    "k": [
                        25,
                        27,
                        0
                    ],
                    "ix": 1
                },
                "s": {
                    "a": 1,
                    "k": [
                        {
                            "i": {
                                "x": [
                                    0.667,
                                    0.667,
                                    0.667
                                ],
                                "y": [
                                    1,
                                    1,
                                    1
                                ]
                            },
                            "o": {
                                "x": [
                                    0.333,
                                    0.333,
                                    0.333
                                ],
                                "y": [
                                    0,
                                    0,
                                    0
                                ]
                            },
                            "t": 3,
                            "s": [
                                100,
                                100,
                                100
                            ]
                        },
                        {
                            "i": {
                                "x": [
                                    0.833,
                                    0.833,
                                    0.833
                                ],
                                "y": [
                                    0.833,
                                    0.833,
                                    0.833
                                ]
                            },
                            "o": {
                                "x": [
                                    0.167,
                                    0.167,
                                    0.167
                                ],
                                "y": [
                                    0.167,
                                    0.167,
                                    0.167
                                ]
                            },
                            "t": 11,
                            "s": [
                                1736,
                                1736,
                                100
                            ]
                        },
                        {
                            "i": {
                                "x": [
                                    0.667,
                                    0.667,
                                    0.667
                                ],
                                "y": [
                                    1,
                                    1,
                                    1
                                ]
                            },
                            "o": {
                                "x": [
                                    0.333,
                                    0.333,
                                    0.333
                                ],
                                "y": [
                                    0,
                                    0,
                                    0
                                ]
                            },
                            "t": 17,
                            "s": [
                                1736,
                                1736,
                                100
                            ]
                        },
                        {
                            "t": 25,
                            "s": [
                                100,
                                100,
                                100
                            ]
                        }
                    ],
                    "ix": 6
                }
            },
            "ao": 0,
            "shapes": [
                {
                    "ty": "gr",
                    "it": [
                        {
                            "ind": 0,
                            "ty": "sh",
                            "ix": 1,
                            "ks": {
                                "a": 0,
                                "k": {
                                    "i": [
                                        [
                                            0,
                                            0
                                        ],
                                        [
                                            0,
                                            0
                                        ],
                                        [
                                            0,
                                            0
                                        ],
                                        [
                                            0,
                                            0
                                        ],
                                        [
                                            0,
                                            0
                                        ],
                                        [
                                            0,
                                            0
                                        ],
                                        [
                                            0,
                                            0
                                        ],
                                        [
                                            0,
                                            0
                                        ],
                                        [
                                            0,
                                            0
                                        ],
                                        [
                                            0,
                                            0
                                        ],
                                        [
                                            0,
                                            0
                                        ],
                                        [
                                            0,
                                            0
                                        ]
                                    ],
                                    "o": [
                                        [
                                            0,
                                            0
                                        ],
                                        [
                                            0,
                                            0
                                        ],
                                        [
                                            0,
                                            0
                                        ],
                                        [
                                            0,
                                            0
                                        ],
                                        [
                                            0,
                                            0
                                        ],
                                        [
                                            0,
                                            0
                                        ],
                                        [
                                            0,
                                            0
                                        ],
                                        [
                                            0,
                                            0
                                        ],
                                        [
                                            0,
                                            0
                                        ],
                                        [
                                            0,
                                            0
                                        ],
                                        [
                                            0,
                                            0
                                        ],
                                        [
                                            0,
                                            0
                                        ]
                                    ],
                                    "v": [
                                        [
                                            7,
                                            -1
                                        ],
                                        [
                                            1,
                                            -1
                                        ],
                                        [
                                            1,
                                            -7
                                        ],
                                        [
                                            -1,
                                            -7
                                        ],
                                        [
                                            -1,
                                            -1
                                        ],
                                        [
                                            -7,
                                            -1
                                        ],
                                        [
                                            -7,
                                            1
                                        ],
                                        [
                                            -1,
                                            1
                                        ],
                                        [
                                            -1,
                                            7
                                        ],
                                        [
                                            1,
                                            7
                                        ],
                                        [
                                            1,
                                            1
                                        ],
                                        [
                                            7,
                                            1
                                        ]
                                    ],
                                    "c": true
                                },
                                "ix": 2
                            },
                            "nm": "Path 1",
                            "mn": "ADBE Vector Shape - Group",
                            "hd": false
                        },
                        {
                            "ty": "fl",
                            "c": {
                                "a": 0,
                                "k": [
                                    1,
                                    1,
                                    1,
                                    1
                                ],
                                "ix": 4
                            },
                            "o": {
                                "a": 0,
                                "k": 100,
                                "ix": 5
                            },
                            "r": 1,
                            "bm": 0,
                            "nm": "Fill 1",
                            "mn": "ADBE Vector Graphic - Fill",
                            "hd": false
                        },
                        {
                            "ty": "tr",
                            "p": {
                                "a": 0,
                                "k": [
                                    25,
                                    27
                                ],
                                "ix": 2
                            },
                            "a": {
                                "a": 0,
                                "k": [
                                    0,
                                    0
                                ],
                                "ix": 1
                            },
                            "s": {
                                "a": 0,
                                "k": [
                                    100,
                                    100
                                ],
                                "ix": 3
                            },
                            "r": {
                                "a": 0,
                                "k": 0,
                                "ix": 6
                            },
                            "o": {
                                "a": 0,
                                "k": 100,
                                "ix": 7
                            },
                            "sk": {
                                "a": 0,
                                "k": 0,
                                "ix": 4
                            },
                            "sa": {
                                "a": 0,
                                "k": 0,
                                "ix": 5
                            },
                            "nm": "Transform"
                        }
                    ],
                    "nm": "Group 1",
                    "np": 2,
                    "cix": 2,
                    "bm": 0,
                    "ix": 1,
                    "mn": "ADBE Vector Group",
                    "hd": false
                }
            ],
            "ip": 0,
            "op": 28,
            "st": 0,
            "bm": 0
        },
        {
            "ddd": 0,
            "ind": 2,
            "ty": 4,
            "nm": "star ",
            "tt": 2,
            "sr": 1,
            "ks": {
                "o": {
                    "a": 0,
                    "k": 100,
                    "ix": 11
                },
                "r": {
                    "a": 0,
                    "k": 0,
                    "ix": 10
                },
                "p": {
                    "a": 0,
                    "k": [
                        25,
                        25,
                        0
                    ],
                    "ix": 2
                },
                "a": {
                    "a": 0,
                    "k": [
                        25,
                        25,
                        0
                    ],
                    "ix": 1
                },
                "s": {
                    "a": 0,
                    "k": [
                        100,
                        100,
                        100
                    ],
                    "ix": 6
                }
            },
            "ao": 0,
            "shapes": [
                {
                    "ty": "gr",
                    "it": [
                        {
                            "ind": 0,
                            "ty": "sh",
                            "ix": 1,
                            "ks": {
                                "a": 0,
                                "k": {
                                    "i": [
                                        [
                                            0,
                                            0
                                        ],
                                        [
                                            0,
                                            0
                                        ],
                                        [
                                            0,
                                            0
                                        ],
                                        [
                                            0,
                                            0
                                        ],
                                        [
                                            0,
                                            0
                                        ],
                                        [
                                            0,
                                            0
                                        ],
                                        [
                                            0,
                                            0
                                        ],
                                        [
                                            0,
                                            0
                                        ],
                                        [
                                            0,
                                            0
                                        ],
                                        [
                                            0,
                                            0
                                        ],
                                        [
                                            0,
                                            0
                                        ],
                                        [
                                            0,
                                            0
                                        ]
                                    ],
                                    "o": [
                                        [
                                            0,
                                            0
                                        ],
                                        [
                                            0,
                                            0
                                        ],
                                        [
                                            0,
                                            0
                                        ],
                                        [
                                            0,
                                            0
                                        ],
                                        [
                                            0,
                                            0
                                        ],
                                        [
                                            0,
                                            0
                                        ],
                                        [
                                            0,
                                            0
                                        ],
                                        [
                                            0,
                                            0
                                        ],
                                        [
                                            0,
                                            0
                                        ],
                                        [
                                            0,
                                            0
                                        ],
                                        [
                                            0,
                                            0
                                        ],
                                        [
                                            0,
                                            0
                                        ]
                                    ],
                                    "v": [
                                        [
                                            7,
                                            2.95
                                        ],
                                        [
                                            1,
                                            2.95
                                        ],
                                        [
                                            1,
                                            8.95
                                        ],
                                        [
                                            -1,
                                            8.95
                                        ],
                                        [
                                            -1,
                                            2.95
                                        ],
                                        [
                                            -7,
                                            2.95
                                        ],
                                        [
                                            -7,
                                            0.95
                                        ],
                                        [
                                            -1,
                                            0.95
                                        ],
                                        [
                                            -1,
                                            -5.05
                                        ],
                                        [
                                            1,
                                            -5.05
                                        ],
                                        [
                                            1,
                                            0.95
                                        ],
                                        [
                                            7,
                                            0.95
                                        ]
                                    ],
                                    "c": true
                                },
                                "ix": 2
                            },
                            "nm": "Path 1",
                            "mn": "ADBE Vector Shape - Group",
                            "hd": false
                        },
                        {
                            "ind": 1,
                            "ty": "sh",
                            "ix": 2,
                            "ks": {
                                "a": 0,
                                "k": {
                                    "i": [
                                        [
                                            0.1,
                                            0.4
                                        ],
                                        [
                                            0.4,
                                            0
                                        ],
                                        [
                                            0,
                                            0
                                        ],
                                        [
                                            0,
                                            0
                                        ],
                                        [
                                            0.4,
                                            0
                                        ],
                                        [
                                            0.1,
                                            -0.3
                                        ],
                                        [
                                            0,
                                            0
                                        ],
                                        [
                                            0,
                                            0
                                        ],
                                        [
                                            0.1,
                                            -0.4
                                        ],
                                        [
                                            -0.3,
                                            -0.3
                                        ],
                                        [
                                            0,
                                            0
                                        ],
                                        [
                                            0,
                                            0
                                        ],
                                        [
                                            -0.4,
                                            -0.3
                                        ],
                                        [
                                            -0.3,
                                            0.3
                                        ],
                                        [
                                            0,
                                            0
                                        ],
                                        [
                                            0,
                                            0
                                        ],
                                        [
                                            -0.1,
                                            0
                                        ],
                                        [
                                            -0.2,
                                            0.1
                                        ],
                                        [
                                            0.1,
                                            0.4
                                        ],
                                        [
                                            0,
                                            0
                                        ],
                                        [
                                            0,
                                            0
                                        ]
                                    ],
                                    "o": [
                                        [
                                            -0.1,
                                            -0.4
                                        ],
                                        [
                                            0,
                                            0
                                        ],
                                        [
                                            0,
                                            0
                                        ],
                                        [
                                            -0.1,
                                            -0.3
                                        ],
                                        [
                                            -0.4,
                                            0
                                        ],
                                        [
                                            0,
                                            0
                                        ],
                                        [
                                            0,
                                            0
                                        ],
                                        [
                                            -0.4,
                                            0
                                        ],
                                        [
                                            -0.1,
                                            0.4
                                        ],
                                        [
                                            0,
                                            0
                                        ],
                                        [
                                            0,
                                            0
                                        ],
                                        [
                                            -0.1,
                                            0.4
                                        ],
                                        [
                                            0.3,
                                            0.2
                                        ],
                                        [
                                            0,
                                            0
                                        ],
                                        [
                                            0,
                                            0
                                        ],
                                        [
                                            0.2,
                                            0.1
                                        ],
                                        [
                                            0.2,
                                            0
                                        ],
                                        [
                                            0.3,
                                            -0.2
                                        ],
                                        [
                                            0,
                                            0
                                        ],
                                        [
                                            0,
                                            0
                                        ],
                                        [
                                            0.3,
                                            -0.2
                                        ]
                                    ],
                                    "v": [
                                        [
                                            25,
                                            -5.75
                                        ],
                                        [
                                            24.1,
                                            -6.45
                                        ],
                                        [
                                            7.1,
                                            -7.45
                                        ],
                                        [
                                            0.9,
                                            -23.45
                                        ],
                                        [
                                            0,
                                            -24.05
                                        ],
                                        [
                                            -0.9,
                                            -23.45
                                        ],
                                        [
                                            -7.1,
                                            -7.45
                                        ],
                                        [
                                            -24.1,
                                            -6.45
                                        ],
                                        [
                                            -25,
                                            -5.75
                                        ],
                                        [
                                            -24.7,
                                            -4.65
                                        ],
                                        [
                                            -11.5,
                                            6.15
                                        ],
                                        [
                                            -16,
                                            22.65
                                        ],
                                        [
                                            -15.6,
                                            23.75
                                        ],
                                        [
                                            -14.5,
                                            23.75
                                        ],
                                        [
                                            0,
                                            14.45
                                        ],
                                        [
                                            14.5,
                                            23.75
                                        ],
                                        [
                                            15,
                                            23.95
                                        ],
                                        [
                                            15.6,
                                            23.75
                                        ],
                                        [
                                            16,
                                            22.65
                                        ],
                                        [
                                            11.5,
                                            6.05
                                        ],
                                        [
                                            24.7,
                                            -4.75
                                        ]
                                    ],
                                    "c": true
                                },
                                "ix": 2
                            },
                            "nm": "Path 2",
                            "mn": "ADBE Vector Shape - Group",
                            "hd": false
                        },
                        {
                            "ty": "mm",
                            "mm": 1,
                            "nm": "Merge Paths 1",
                            "mn": "ADBE Vector Filter - Merge",
                            "hd": false
                        },
                        {
                            "ty": "fl",
                            "c": {
                                "a": 0,
                                "k": [
                                    0,
                                    0,
                                    0,
                                    1
                                ],
                                "ix": 4
                            },
                            "o": {
                                "a": 0,
                                "k": 100,
                                "ix": 5
                            },
                            "r": 1,
                            "bm": 0,
                            "nm": "Fill 1",
                            "mn": "ADBE Vector Graphic - Fill",
                            "hd": false
                        },
                        {
                            "ty": "tr",
                            "p": {
                                "a": 0,
                                "k": [
                                    25,
                                    25.05
                                ],
                                "ix": 2
                            },
                            "a": {
                                "a": 0,
                                "k": [
                                    0,
                                    0
                                ],
                                "ix": 1
                            },
                            "s": {
                                "a": 0,
                                "k": [
                                    100,
                                    100
                                ],
                                "ix": 3
                            },
                            "r": {
                                "a": 0,
                                "k": 0,
                                "ix": 6
                            },
                            "o": {
                                "a": 0,
                                "k": 100,
                                "ix": 7
                            },
                            "sk": {
                                "a": 0,
                                "k": 0,
                                "ix": 4
                            },
                            "sa": {
                                "a": 0,
                                "k": 0,
                                "ix": 5
                            },
                            "nm": "Transform"
                        }
                    ],
                    "nm": "Group 1",
                    "np": 6,
                    "cix": 2,
                    "bm": 0,
                    "ix": 1,
                    "mn": "ADBE Vector Group",
                    "hd": false
                }
            ],
            "ip": 0,
            "op": 28,
            "st": 0,
            "bm": 0
        },
        {
            "ddd": 0,
            "ind": 3,
            "ty": 4,
            "nm": "outline",
            "sr": 1,
            "ks": {
                "o": {
                    "a": 0,
                    "k": 100,
                    "ix": 11
                },
                "r": {
                    "a": 0,
                    "k": 0,
                    "ix": 10
                },
                "p": {
                    "a": 0,
                    "k": [
                        25,
                        25,
                        0
                    ],
                    "ix": 2
                },
                "a": {
                    "a": 0,
                    "k": [
                        25,
                        25,
                        0
                    ],
                    "ix": 1
                },
                "s": {
                    "a": 0,
                    "k": [
                        100,
                        100,
                        100
                    ],
                    "ix": 6
                }
            },
            "ao": 0,
            "shapes": [
                {
                    "ty": "gr",
                    "it": [
                        {
                            "ind": 0,
                            "ty": "sh",
                            "ix": 1,
                            "ks": {
                                "a": 0,
                                "k": {
                                    "i": [
                                        [
                                            0,
                                            0
                                        ],
                                        [
                                            0,
                                            0
                                        ],
                                        [
                                            0,
                                            0
                                        ],
                                        [
                                            0,
                                            0
                                        ],
                                        [
                                            0,
                                            0
                                        ],
                                        [
                                            0,
                                            0
                                        ],
                                        [
                                            0,
                                            0
                                        ],
                                        [
                                            0,
                                            0
                                        ],
                                        [
                                            0,
                                            0
                                        ],
                                        [
                                            0,
                                            0
                                        ]
                                    ],
                                    "o": [
                                        [
                                            0,
                                            0
                                        ],
                                        [
                                            0,
                                            0
                                        ],
                                        [
                                            0,
                                            0
                                        ],
                                        [
                                            0,
                                            0
                                        ],
                                        [
                                            0,
                                            0
                                        ],
                                        [
                                            0,
                                            0
                                        ],
                                        [
                                            0,
                                            0
                                        ],
                                        [
                                            0,
                                            0
                                        ],
                                        [
                                            0,
                                            0
                                        ],
                                        [
                                            0,
                                            0
                                        ]
                                    ],
                                    "v": [
                                        [
                                            0,
                                            -23
                                        ],
                                        [
                                            6.4,
                                            -6.4
                                        ],
                                        [
                                            24,
                                            -5.4
                                        ],
                                        [
                                            10.3,
                                            5.8
                                        ],
                                        [
                                            15,
                                            23
                                        ],
                                        [
                                            0,
                                            13.3
                                        ],
                                        [
                                            -15,
                                            23
                                        ],
                                        [
                                            -10.3,
                                            5.8
                                        ],
                                        [
                                            -24,
                                            -5.4
                                        ],
                                        [
                                            -6.4,
                                            -6.4
                                        ]
                                    ],
                                    "c": true
                                },
                                "ix": 2
                            },
                            "nm": "Path 1",
                            "mn": "ADBE Vector Shape - Group",
                            "hd": false
                        },
                        {
                            "ty": "st",
                            "c": {
                                "a": 0,
                                "k": [
                                    0,
                                    0,
                                    0,
                                    1
                                ],
                                "ix": 3
                            },
                            "o": {
                                "a": 0,
                                "k": 100,
                                "ix": 4
                            },
                            "w": {
                                "a": 0,
                                "k": 2,
                                "ix": 5
                            },
                            "lc": 1,
                            "lj": 2,
                            "bm": 0,
                            "nm": "Stroke 1",
                            "mn": "ADBE Vector Graphic - Stroke",
                            "hd": false
                        },
                        {
                            "ty": "tr",
                            "p": {
                                "a": 0,
                                "k": [
                                    25,
                                    25
                                ],
                                "ix": 2
                            },
                            "a": {
                                "a": 0,
                                "k": [
                                    0,
                                    0
                                ],
                                "ix": 1
                            },
                            "s": {
                                "a": 0,
                                "k": [
                                    100,
                                    100
                                ],
                                "ix": 3
                            },
                            "r": {
                                "a": 0,
                                "k": 0,
                                "ix": 6
                            },
                            "o": {
                                "a": 0,
                                "k": 100,
                                "ix": 7
                            },
                            "sk": {
                                "a": 0,
                                "k": 0,
                                "ix": 4
                            },
                            "sa": {
                                "a": 0,
                                "k": 0,
                                "ix": 5
                            },
                            "nm": "Transform"
                        }
                    ],
                    "nm": "Group 1",
                    "np": 2,
                    "cix": 2,
                    "bm": 0,
                    "ix": 1,
                    "mn": "ADBE Vector Group",
                    "hd": false
                }
            ],
            "ip": 0,
            "op": 28,
            "st": 0,
            "bm": 0
        }
    ],
    "markers": [
        {"tm": 0, "cm": "NormalToPressed_Start", "dr": 0},
        {"tm": 9, "cm": "NormalToPressed_End", "dr": 0},
        {"tm": 9, "cm": "PointerOverToPressed_Start", "dr": 0},
        {"tm": 19, "cm": "PointerOverToPressed_End", "dr": 0},
        {"tm": 20, "cm": "PressedToNormal_Start", "dr": 0},
        {"tm": 29, "cm": "PressedToNormal_End", "dr": 0},
        {"tm": 29, "cm": "PressedToPointerOver_Start", "dr": 0},
        {"tm": 30, "cm": "PressedToPointerOver_End", "dr": 0}  
      ]
}