﻿<?xml version="1.0" encoding="utf-8"?>
<SiPolicy PolicyType="Base Policy" xmlns="urn:schemas-microsoft-com:sipolicy">
  <VersionEx>1.0.0.0</VersionEx>
  <PolicyID>{7AE40A06-9CFC-47E7-A74C-0B6BC71E3B93}</PolicyID>
  <BasePolicyID>{7AE40A06-9CFC-47E7-A74C-0B6BC71E3B93}</BasePolicyID>
  <PlatformID>{2E07F7E4-194C-4D20-B7C9-6F44A6C5A234}</PlatformID>
  <Rules/>
  <EKUs/>
  <FileRules/>
  <Signers/>
  <SigningScenarios>
    <SigningScenario Value="12" ID="ID_SIGNINGSCENARIO_WINDOWS" FriendlyName="User Mode Code Integrity">
      <ProductSigners/>
    </SigningScenario>
    <SigningScenario Value="131" ID="ID_SIGNINGSCENARIO_DRIVERS_1" FriendlyName="Kernel Mode Code Integrity">
      <ProductSigners/>
    </SigningScenario>
  </SigningScenarios>
  <UpdatePolicySigners/>
  <CiSigners/>
  <HvciOptions>2</HvciOptions>
  <Settings>
    <Setting Provider="AllHostIds" Key="AllKeys" ValueName="EnterpriseDefinedClsId">
      <Value>
        <Boolean>true</Boolean>
      </Value>
    </Setting>
    <Setting Provider="PolicyInfo" Key="Information" ValueName="Name">
      <Value>
        <String>Empty Policy</String>
      </Value>
    </Setting>
    <Setting Provider="PolicyInfo" Key="Information" ValueName="Id">
      <Value>
        <String>129661</String>
      </Value>
    </Setting>
  </Settings>
</SiPolicy>