﻿<?xml version="1.0" encoding="utf-8"?>
<SiPolicy xmlns="urn:schemas-microsoft-com:sipolicy" PolicyType="Supplemental Policy">
  <VersionEx>1.0.0.0</VersionEx>
  <PolicyID>{31351756-3F24-4963-8380-4E7602335AAE}</PolicyID>
  <BasePolicyID>{019455FE-A462-7B4F-BB04-6007CB51D801}</BasePolicyID>
  <PlatformID>{2E07F7E4-194C-4D20-B7C9-6F44A6C5A234}</PlatformID>
  <Rules>
    <Rule>
      <Option>Enabled:Unsigned System Integrity Policy</Option>
    </Rule>
    <Rule>
      <Option>Enabled:Intelligent Security Graph Authorization</Option>
    </Rule>
    <Rule>
      <Option>Enabled:Invalidate EAs on Reboot</Option>
    </Rule>
  </Rules>
  <EKUs/>
  <FileRules/>
  <Signers/>
  <SigningScenarios>
    <SigningScenario Value="131" ID="ID_SIGNINGSCENARIO_DRIVERS_1">
      <ProductSigners/>
    </SigningScenario>
    <SigningScenario Value="12" ID="ID_SIGNINGSCENARIO_WINDOWS">
      <ProductSigners/>
    </SigningScenario>
  </SigningScenarios>
  <UpdatePolicySigners/>
  <CiSigners/>
  <HvciOptions>2</HvciOptions>
  <Settings>
    <Setting Provider="PolicyInfo" Key="Information" ValueName="Name">
      <Value>
        <String>ISG Based Supplemental Policy</String>
      </Value>
    </Setting>
    <Setting Provider="PolicyInfo" Key="Information" ValueName="Id">
      <Value>
        <String>129659</String>
      </Value>
    </Setting>
  </Settings>
</SiPolicy>