﻿<?xml version="1.0" encoding="utf-8"?>
<SiPolicy xmlns="urn:schemas-microsoft-com:sipolicy" PolicyType="Base Policy">
  <VersionEx>1.0.0.0</VersionEx>
  <PolicyID>{0510F47B-39BB-43BB-85AA-348FB15CE9C6}</PolicyID>
  <BasePolicyID>{0510F47B-39BB-43BB-85AA-348FB15CE9C6}</BasePolicyID>
  <PlatformID>{2E07F7E4-194C-4D20-B7C9-6F44A6C5A234}</PlatformID>
  <Rules>
    <Rule>
      <Option>Disabled:Flight Signing</Option>
    </Rule>
    <Rule>
      <Option>Enabled:Unsigned System Integrity Policy</Option>
    </Rule>
    <Rule>
      <Option>Enabled:Update Policy No Reboot</Option>
    </Rule>
    <Rule>
      <Option>Enabled:Allow Supplemental Policies</Option>
    </Rule>
    <Rule>
      <Option>Enabled:Revoked Expired As Unsigned</Option>
    </Rule>
  </Rules>
  <EKUs>
    <EKU ID="ID_EKU_WINDOWS" Value="010A2B0601040182370A0306"/>
    <EKU ID="ID_EKU_ELAM" Value="010A2B0601040182373D0401"/>
    <EKU ID="ID_EKU_HAL_EXT" Value="010A2B0601040182373D0501"/>
  </EKUs>
  <FileRules/>
  <Signers>
    <Signer ID="ID_SIGNER_WINDOWS_PRODUCTION" Name="Microsoft Product Root 2010 Windows EKU">
      <CertRoot Type="Wellknown" Value="06"/>
      <CertEKU ID="ID_EKU_WINDOWS"/>
    </Signer>
    <Signer ID="ID_SIGNER_ELAM_PRODUCTION" Name="Microsoft Product Root 2010 ELAM EKU">
      <CertRoot Type="Wellknown" Value="06"/>
      <CertEKU ID="ID_EKU_ELAM"/>
    </Signer>
    <Signer ID="ID_SIGNER_HAL_PRODUCTION" Name="Microsoft Product Root 2010 HAL EKU">
      <CertRoot Type="Wellknown" Value="06"/>
      <CertEKU ID="ID_EKU_HAL_EXT"/>
    </Signer>
  </Signers>
  <SigningScenarios>
    <SigningScenario Value="131" ID="ID_SIGNINGSCENARIO_KMCI" FriendlyName="Kernel Mode Signing Scenario">
      <ProductSigners>
        <AllowedSigners>
          <AllowedSigner SignerId="ID_SIGNER_WINDOWS_PRODUCTION"/>
          <AllowedSigner SignerId="ID_SIGNER_ELAM_PRODUCTION"/>
          <AllowedSigner SignerId="ID_SIGNER_HAL_PRODUCTION"/>
        </AllowedSigners>
      </ProductSigners>
    </SigningScenario>
  </SigningScenarios>
  <UpdatePolicySigners/>
  <CiSigners/>
  <HvciOptions>2</HvciOptions>
  <Settings>
    <Setting Provider="AllHostIds" Key="AllKeys" ValueName="EnterpriseDefinedClsId">
      <Value>
        <Boolean>true</Boolean>
      </Value>
    </Setting>
    <Setting Provider="PolicyInfo" Key="Information" ValueName="Name">
      <Value>
        <String>StrictKernelMode NoFlightRoots</String>
      </Value>
    </Setting>
    <Setting Provider="PolicyInfo" Key="Information" ValueName="Id">
      <Value>
        <String>129658</String>
      </Value>
    </Setting>
  </Settings>
</SiPolicy>